#	total_frames:1	interaction_types:sb,pc,ps,ts,vdw,hb,lhb,hbbb,hbsb,hbss,wb,wb2,hbls,hblb,lwb,lwb2,br
#	Columns:	residue_1,	residue_2	frame_count	contact_frequency
A:ARG:235	A:THR:233	1.000
A:ASP:19	A:MET:69	1.000
A:GLN:135	A:VAL:133	1.000
A:GLY:140	A:TYR:84	1.000
A:LEU:106	A:TRP:161	1.000
A:GLY:196	A:PRO:159	1.000
A:PHE:259	A:THR:242	1.000
A:ALA:91	A:GLU:88	1.000
A:GLU:339	A:GLU:342	1.000
A:ARG:211	A:ILE:209	1.000
A:GLU:13	A:TYR:97	1.000
A:ILE:299	A:TYR:68	1.000
A:ASP:19	A:SER:21	1.000
A:LEU:193	A:SER:191	1.000
A:ALA:247	A:ARG:251	1.000
A:ALA:330	A:ILE:327	1.000
A:ALA:215	A:GLU:217	1.000
A:ALA:227	A:THR:233	1.000
A:GLU:186	A:GLU:217	1.000
A:HIS:238	A:TYR:240	1.000
A:CYS:153	A:TYR:102	1.000
A:ALA:83	A:PHE:86	1.000
A:GLY:94	A:PRO:10	1.000
A:ARG:235	A:LEU:14	1.000
A:ARG:34	A:ILE:72	1.000
A:LEU:106	A:PRO:116	1.000
A:ARG:324	A:PHE:322	1.000
A:ALA:227	A:VAL:224	1.000
A:ALA:148	A:GLU:141	1.000
A:GLY:51	A:LYS:64	1.000
A:PRO:104	A:PRO:126	1.000
A:ARG:149	A:GLU:339	1.000
A:GLU:44	A:LEU:46	1.000
A:LEU:194	A:SER:191	1.000
A:ARG:142	A:PHE:144	1.000
A:ILE:36	A:PRO:70	1.000
A:ARG:156	A:HIS:214	1.000
A:ILE:22	A:ILE:82	1.000
A:GLU:139	A:LYS:80	1.000
A:ALA:83	A:LEU:18	1.000
A:ILE:209	A:SER:207	1.000
A:GLN:158	A:PRO:114	1.000
A:GLY:270	A:LEU:56	1.000
A:ALA:350	A:GLY:352	1.000
A:GLU:217	A:THR:269	1.000
A:ALA:73	A:CYS:75	1.000
A:ALA:83	A:ARG:81	1.000
A:ARG:81	A:TYR:30	1.000
A:GLY:352	A:TYR:348	1.000
A:PRO:274	A:THR:276	1.000
A:ILE:281	A:LEU:283	1.000
A:ASP:245	A:TYR:249	1.000
A:ASP:296	A:PHE:300	1.000
A:PHE:317	A:VAL:280	1.000
A:ASN:293	A:SER:291	1.000
A:THR:269	A:TYR:267	1.000
A:GLU:88	A:LYS:23	1.000
A:ASN:326	A:TYR:351	1.000
A:HIS:197	A:LEU:182	1.000
A:GLU:186	A:VAL:223	1.000
A:THR:125	A:VAL:129	1.000
A:MET:155	A:SER:103	1.000
A:GLU:260	A:LEU:236	1.000
A:ALA:183	A:MET:155	1.000
A:ASP:127	A:LYS:171	1.000
A:TYR:84	A:VAL:87	1.000
A:GLU:255	A:LEU:252	1.000
A:LYS:111	A:THR:125	1.000
A:SER:150	A:VAL:178	1.000
A:PRO:297	A:SER:302	1.000
A:GLU:25	A:LEU:28	1.000
A:GLN:119	A:PRO:116	1.000
A:LYS:111	A:LYS:164	1.000
A:ASN:293	A:CYS:262	1.000
A:VAL:129	A:VAL:133	1.000
A:GLU:321	A:LEU:325	1.000
A:ALA:359	A:GLN:361	1.000
A:GLU:88	A:PHE:144	1.000
A:HIS:258	A:TYR:290	1.000
A:LEU:137	A:VAL:100	1.000
A:HIS:105	A:SER:103	1.000
A:GLU:244	A:THR:242	1.000
A:LEU:28	A:LEU:38	1.000
A:PRO:104	A:VAL:129	1.000
A:HIS:105	A:VAL:165	1.000
A:LYS:9	A:PHE:7	1.000
A:THR:311	A:TYR:308	1.000
A:ARG:81	A:ILE:79	1.000
A:ASP:181	A:CYS:153	1.000
A:LYS:284	A:MET:315	1.000
A:THR:303	A:THR:306	1.000
A:GLU:121	A:SER:110	1.000
A:ILE:299	A:PRO:297	1.000
A:ALA:271	A:GLU:217	1.000
A:GLY:134	A:GLY:136	1.000
A:GLY:196	A:VAL:198	1.000
A:ARG:149	A:VAL:100	1.000
A:ALA:279	A:LEU:243	1.000
A:ILE:50	A:TYR:67	1.000
A:LEU:193	A:PRO:195	1.000
A:ASN:289	A:ASN:328	1.000
A:ASN:41	A:LEU:28	1.000
A:GLU:88	A:LYS:90	1.000
A:PRO:59	A:THR:57	1.000
A:ARG:251	A:ARG:253	1.000
A:GLU:85	A:GLU:88	1.000
A:VAL:130	A:VAL:133	1.000
A:ALA:63	A:PHE:61	1.000
A:PHE:86	A:VAL:98	1.000
A:LEU:14	A:TYR:97	1.000
A:PRO:126	A:VAL:129	1.000
A:THR:294	A:VAL:16	1.000
A:LEU:124	A:SER:110	1.000
A:GLN:199	A:TYR:201	1.000
A:GLN:138	A:GLY:136	1.000
A:HIS:197	A:TYR:201	1.000
A:GLN:158	A:TRP:161	1.000
A:LEU:343	A:LYS:340	1.000
A:ALA:330	A:LEU:343	1.000
A:ALA:329	A:ASN:326	1.000
A:GLU:121	A:LYS:111	1.000
A:LEU:335	A:TYR:97	1.000
A:ALA:227	A:LYS:232	1.000
A:ALA:330	A:LYS:340	1.000
A:ARG:324	A:ILE:327	1.000
A:ARG:32	A:GLY:35	1.000
A:GLU:139	A:GLY:136	1.000
A:PHE:7	A:PRO:10	1.000
A:SER:266	A:TRP:272	1.000
A:ARG:341	A:LEU:344	1.000
A:GLU:226	A:VAL:224	1.000
A:GLU:222	A:GLU:226	1.000
A:ILE:27	A:TYR:30	1.000
A:ARG:313	A:GLN:309	1.000
A:GLU:321	A:LYS:284	1.000
A:ARG:324	A:GLU:320	1.000
A:ARG:32	A:ASN:41	1.000
A:LYS:225	A:VAL:228	1.000
A:ILE:22	A:LEU:298	1.000
A:ALA:63	A:PHE:65	1.000
A:ALA:183	A:ARG:156	1.000
A:VAL:16	A:VAL:98	1.000
A:GLU:234	A:MET:257	1.000
A:LEU:236	A:VAL:213	1.000
A:ILE:27	A:LYS:23	1.000
A:GLN:309	A:PRO:5	1.000
A:MET:257	A:THR:233	1.000
A:PHE:144	A:TYR:84	1.000
A:GLU:319	A:GLU:321	1.000
A:GLY:237	A:HIS:214	1.000
A:GLY:208	A:LYS:206	1.000
A:GLU:13	A:HIS:15	1.000
A:ARG:33	A:TYR:30	1.000
A:GLY:51	A:LEU:47	1.000
A:ASP:345	A:LEU:347	1.000
A:SER:265	A:TYR:267	1.000
A:HIS:238	A:ILE:261	1.000
A:SER:110	A:THR:125	1.000
A:CYS:169	A:VAL:177	1.000
A:HIS:17	A:SER:21	1.000
A:ALA:329	A:SER:333	1.000
A:ALA:279	A:GLU:277	1.000
A:PHE:300	A:PHE:61	1.000
A:ASP:338	A:LYS:340	1.000
A:PRO:263	A:SER:265	1.000
A:GLN:309	A:THR:311	1.000
A:ILE:230	A:LYS:232	1.000
A:LYS:349	A:TYR:351	1.000
A:HIS:241	A:LEU:243	1.000
A:ARG:235	A:GLU:260	1.000
A:LEU:106	A:TRP:117	1.000
A:ALA:329	A:VAL:12	1.000
A:ALA:271	A:SER:266	1.000
A:ASP:295	A:SER:265	1.000
A:ALA:2	A:THR:4	1.000
A:ILE:261	A:SER:291	1.000
A:GLU:255	A:MET:257	1.000
A:ALA:227	A:LEU:231	1.000
A:ARG:156	A:GLU:186	1.000
A:TYR:172	A:VAL:177	1.000
A:ALA:63	A:PRO:59	1.000
A:ALA:329	A:SER:332	1.000
A:ASP:245	A:LEU:248	1.000
A:ILE:50	A:TYR:68	1.000
A:PRO:163	A:VAL:166	1.000
A:ALA:131	A:VAL:129	1.000
A:GLY:208	A:VAL:205	1.000
A:GLU:93	A:VAL:95	1.000
A:GLN:173	A:ILE:209	1.000
A:PRO:104	A:VAL:130	1.000
A:LEU:152	A:TYR:102	1.000
A:LEU:268	A:LYS:54	1.000
A:TYR:348	A:TYR:351	1.000
A:PHE:7	A:TYR:351	1.000
A:ILE:27	A:TYR:68	1.000
A:GLU:99	A:LEU:14	1.000
A:ARG:34	A:GLY:31	1.000
A:GLU:319	A:PHE:322	1.000
A:ASP:181	A:VAL:213	1.000
A:GLN:175	A:TYR:172	1.000
A:SER:266	A:TYR:240	1.000
A:GLY:45	A:LEU:47	1.000
A:LYS:90	A:THR:294	1.000
A:PRO:195	A:VAL:198	1.000
A:ILE:327	A:MET:353	1.000
A:LEU:335	A:SER:333	1.000
A:ASN:285	A:LEU:283	1.000
A:GLN:119	A:TRP:117	1.000
A:LEU:252	A:THR:242	1.000
A:LEU:304	A:THR:306	1.000
A:LEU:298	A:LYS:301	1.000
A:ASN:160	A:SER:162	1.000
A:LYS:323	A:TYR:351	1.000
A:GLN:199	A:GLN:202	1.000
A:GLU:319	A:PHE:7	1.000
A:PHE:317	A:TYR:290	1.000
A:LEU:243	A:TYR:240	1.000
A:ARG:282	A:LYS:284	1.000
A:GLN:173	A:LYS:171	1.000
A:LYS:340	A:SER:333	1.000
A:GLU:203	A:TYR:201	1.000
A:ILE:261	A:TYR:240	1.000
A:PRO:355	A:SER:358	1.000
A:GLN:287	A:LYS:284	1.000
A:ASP:286	A:LYS:284	1.000
A:GLU:93	A:LEU:304	1.000
A:GLY:352	A:LYS:349	1.000
A:LEU:106	A:PRO:104	1.000
A:GLU:141	A:LYS:147	1.000
A:LEU:137	A:SER:150	1.000
A:ALA:83	A:LYS:80	1.000
A:LYS:301	A:PRO:297	1.000
A:ARG:101	A:ILE:151	1.000
A:LYS:90	A:PHE:86	1.000
A:GLY:134	A:THR:176	1.000
A:PRO:70	A:TYR:68	1.000
A:PRO:10	A:TYR:351	1.000
A:LYS:312	A:TYR:308	1.000
A:CYS:262	A:TYR:240	1.000
A:LEU:231	A:SER:192	1.000
A:GLY:134	A:LEU:132	1.000
A:ALA:215	A:GLU:186	1.000
A:GLY:51	A:VAL:49	1.000
A:GLN:173	A:GLY:208	1.000
A:MET:69	A:TRP:117	1.000
A:ASP:307	A:TRP:264	1.000
A:GLY:20	A:LEU:298	1.000
A:GLY:270	A:SER:266	1.000
A:ALA:120	A:ASN:109	1.000
A:ARG:211	A:TYR:201	1.000
A:ASP:295	A:VAL:16	1.000
A:ILE:261	A:LEU:283	1.000
A:LEU:268	A:TRP:264	1.000
A:ILE:180	A:THR:212	1.000
A:ASN:160	A:GLU:113	1.000
A:GLY:94	A:LYS:90	1.000
A:ARG:156	A:ASP:185	1.000
A:GLU:121	A:ILE:115	1.000
A:ASP:181	A:THR:212	1.000
A:LYS:64	A:PHE:61	1.000
A:LEU:152	A:VAL:177	1.000
A:ASN:256	A:ASN:289	1.000
A:LYS:164	A:VAL:166	1.000
A:LEU:132	A:VAL:129	1.000
A:LYS:232	A:VAL:205	1.000
A:GLY:94	A:LYS:92	1.000
A:LYS:11	A:LYS:9	1.000
A:SER:333	A:TYR:97	1.000
A:CYS:75	A:ILE:79	1.000
A:ASP:245	A:LEU:243	1.000
A:HIS:105	A:LEU:107	1.000
A:GLU:93	A:LYS:90	1.000
A:ASP:275	A:LYS:273	1.000
A:LEU:335	A:LYS:340	1.000
A:GLY:216	A:TYR:240	1.000
A:ALA:71	A:TYR:30	1.000
A:ARG:149	A:LYS:147	1.000
A:THR:212	A:THR:233	1.000
A:GLN:135	A:LEU:137	1.000
A:ASP:53	A:LEU:268	1.000
A:MET:353	A:TYR:351	1.000
A:ILE:261	A:LEU:292	1.000
A:HIS:105	A:PRO:116	1.000
A:ALA:350	A:PRO:10	1.000
A:LYS:54	A:MET:52	1.000
A:GLN:135	A:GLN:138	1.000
A:GLU:13	A:THR:294	1.000
A:ASP:338	A:PRO:336	1.000
A:ALA:271	A:THR:269	1.000
A:THR:212	A:TYR:201	1.000
A:PRO:263	A:THR:311	1.000
A:GLU:226	A:LEU:231	1.000
A:GLY:239	A:THR:242	1.000
A:ARG:235	A:VAL:213	1.000
A:PRO:116	A:VAL:112	1.000
A:PRO:39	A:TYR:67	1.000
A:GLY:45	A:THR:42	1.000
A:ARG:76	A:ASP:123	1.000
A:GLU:226	A:VAL:228	1.000
A:ASN:293	A:HIS:15	1.000
A:ILE:72	A:MET:69	1.000
A:ALA:247	A:ASN:250	1.000
A:LEU:304	A:THR:294	1.000
A:GLN:175	A:VAL:177	1.000
A:ALA:200	A:GLY:196	1.000
A:SER:265	A:THR:269	1.000
A:ILE:299	A:MET:52	1.000
A:ALA:227	A:VAL:213	1.000
A:LEU:152	A:VAL:165	1.000
A:ASP:229	A:LYS:232	1.000
A:VAL:146	A:VAL:95	1.000
A:LEU:248	A:LEU:252	1.000
A:PRO:55	A:TYR:267	1.000
A:ALA:71	A:ARG:34	1.000
A:ALA:204	A:TYR:201	1.000
A:ALA:329	A:SER:291	1.000
A:LEU:107	A:VAL:129	1.000
A:ASP:66	A:TRP:117	1.000
A:LEU:343	A:TYR:97	1.000
A:ALA:83	A:GLY:136	1.000
A:ALA:215	A:VAL:213	1.000
A:GLU:186	A:ILE:188	1.000
A:SER:220	A:VAL:223	1.000
A:ARG:101	A:GLU:260	1.000
A:LEU:343	A:LEU:347	1.000
A:ARG:235	A:THR:212	1.000
A:ALA:215	A:GLY:239	1.000
A:MET:89	A:SER:21	1.000
A:GLU:342	A:LEU:344	1.000
A:CYS:75	A:ILE:72	1.000
A:LEU:46	A:PRO:39	1.000
A:LEU:346	A:LYS:349	1.000
A:ALA:330	A:LEU:347	1.000
A:LEU:107	A:PRO:104	1.000
A:ALA:120	A:GLY:122	1.000
A:CYS:169	A:GLN:173	1.000
A:ALA:78	A:ARG:76	1.000
A:ASP:295	A:HIS:15	1.000
A:ALA:71	A:TYR:68	1.000
A:ARG:101	A:LEU:18	1.000
A:ARG:149	A:VAL:98	1.000
A:TYR:97	A:VAL:12	1.000
A:LEU:268	A:LEU:56	1.000
A:ASP:123	A:SER:110	1.000
A:ALA:148	A:VAL:98	1.000
A:ARG:211	A:LYS:232	1.000
A:GLY:136	A:VAL:133	1.000
A:PHE:259	A:TYR:290	1.000
A:PHE:61	A:PRO:59	1.000
A:ASN:326	A:VAL:12	1.000
A:HIS:210	A:VAL:178	1.000
A:GLY:216	A:GLY:239	1.000
A:ASP:53	A:LYS:301	1.000
A:ALA:329	A:LYS:331	1.000
A:PRO:354	A:TYR:348	1.000
A:ASN:250	A:GLN:254	1.000
A:ILE:27	A:LEU:46	1.000
A:HIS:197	A:SER:162	1.000
A:ALA:78	A:ARG:81	1.000
A:ASP:305	A:GLN:309	1.000
A:MET:315	A:THR:311	1.000
A:GLU:141	A:VAL:146	1.000
A:ARG:282	A:VAL:280	1.000
A:ARG:251	A:GLN:254	1.000
A:LYS:170	A:TYR:172	1.000
A:VAL:146	A:VAL:87	1.000
A:ARG:142	A:GLY:140	1.000
A:GLU:167	A:VAL:165	1.000
A:MET:310	A:TRP:264	1.000
A:ARG:282	A:TYR:249	1.000
A:LEU:252	A:VAL:224	1.000
A:ARG:32	A:TYR:29	1.000
A:LEU:132	A:VAL:130	1.000
A:THR:233	A:VAL:213	1.000
A:ALA:40	A:LEU:46	1.000
A:ASP:286	A:TYR:249	1.000
A:GLY:237	A:VAL:213	1.000
A:ASP:295	A:HIS:17	1.000
A:GLY:20	A:HIS:17	1.000
A:ARG:235	A:SER:332	1.000
A:LEU:182	A:TYR:201	1.000
A:GLU:244	A:HIS:241	1.000
A:ALA:131	A:VAL:133	1.000
A:PHE:322	A:TYR:308	1.000
A:GLY:237	A:GLY:239	1.000
A:PHE:317	A:THR:311	1.000
A:ALA:227	A:VAL:223	1.000
A:ASP:66	A:TYR:68	1.000
A:ALA:350	A:TYR:348	1.000
A:GLU:141	A:VAL:87	1.000
A:ARG:313	A:MET:315	1.000
A:ASP:305	A:TYR:308	1.000
A:ALA:131	A:GLY:134	1.000
A:LEU:107	A:MET:69	1.000
A:GLU:141	A:GLY:145	1.000
A:ASN:326	A:LYS:11	1.000
A:LEU:344	A:LEU:346	1.000
A:THR:176	A:VAL:178	1.000
A:GLU:217	A:HIS:238	1.000
A:LYS:340	A:PRO:336	1.000
A:ASN:109	A:GLY:74	1.000
A:LEU:137	A:VAL:87	1.000
A:SER:150	A:VAL:100	1.000
A:ASP:307	A:GLN:309	1.000
A:ALA:83	A:VAL:87	1.000
A:GLU:203	A:SER:207	1.000
A:ARG:156	A:LEU:194	1.000
A:LYS:147	A:VAL:98	1.000
A:ALA:204	A:LYS:206	1.000
A:ASN:109	A:GLY:122	1.000
A:LEU:62	A:PHE:65	1.000
A:ARG:313	A:MET:310	1.000
A:ALA:215	A:GLY:237	1.000
A:SER:192	A:VAL:223	1.000
A:ALA:288	A:ARG:324	1.000
A:ALA:6	A:LYS:312	1.000
A:ALA:204	A:GLN:202	1.000
A:ALA:73	A:LEU:106	1.000
A:GLY:51	A:ILE:299	1.000
A:LEU:56	A:LYS:54	1.000
A:ARG:211	A:ARG:235	1.000
A:THR:26	A:TYR:29	1.000
A:ASP:60	A:THR:57	1.000
A:ILE:327	A:LYS:323	1.000
A:ASP:305	A:PRO:5	1.000
A:LEU:46	A:THR:42	1.000
A:CYS:262	A:HIS:15	1.000
A:LEU:194	A:PRO:159	1.000
A:ASP:314	A:MET:310	1.000
A:PRO:163	A:VAL:165	1.000
A:ASP:185	A:THR:187	1.000
A:ALA:227	A:LYS:225	1.000
A:GLY:94	A:LYS:11	1.000
A:GLU:321	A:TYR:290	1.000
A:GLU:88	A:PHE:86	1.000
A:MET:257	A:PHE:259	1.000
A:PRO:126	A:SER:110	1.000
A:LYS:301	A:MET:52	1.000
A:ALA:40	A:GLY:45	1.000
A:ASP:296	A:HIS:17	1.000
A:PHE:300	A:SER:302	1.000
A:ALA:329	A:ILE:327	1.000
A:ILE:281	A:LYS:284	1.000
A:LEU:292	A:LEU:325	1.000
A:GLU:93	A:LYS:11	1.000
A:ILE:27	A:PRO:24	1.000
A:ASP:295	A:HIS:238	1.000
A:HIS:197	A:MET:155	1.000
A:GLU:167	A:PRO:163	1.000
A:GLU:128	A:LEU:132	1.000
A:ARG:282	A:ASP:286	1.000
A:GLY:74	A:LEU:124	1.000
A:ASP:295	A:CYS:262	1.000
A:ALA:43	A:LEU:46	1.000
A:LEU:62	A:PRO:59	1.000
A:GLN:158	A:MET:155	1.000
A:LYS:23	A:MET:89	1.000
A:GLY:136	A:GLY:140	1.000
A:ALA:200	A:GLN:202	1.000
A:LEU:28	A:PRO:24	1.000
A:ARG:282	A:ASN:285	1.000
A:GLY:74	A:LEU:107	1.000
A:ARG:149	A:THR:176	1.000
A:PHE:300	A:TRP:264	1.000
A:TYR:97	A:VAL:95	1.000
A:LEU:347	A:LYS:349	1.000
A:ASN:328	A:LEU:325	1.000
A:ASP:127	A:VAL:129	1.000
A:GLN:202	A:LYS:206	1.000
A:ALA:221	A:HIS:241	1.000
A:ILE:261	A:PRO:263	1.000
A:LEU:168	A:TYR:172	1.000
A:LYS:312	A:MET:310	1.000
A:ASN:48	A:LEU:46	1.000
A:LEU:47	A:PRO:24	1.000
A:ILE:209	A:LYS:170	1.000
A:LEU:346	A:TYR:348	1.000
A:ALA:108	A:LEU:124	1.000
A:ASP:296	A:GLY:20	1.000
A:CYS:154	A:VAL:165	1.000
A:ASP:345	A:GLU:342	1.000
A:GLU:226	A:VAL:223	1.000
A:GLU:222	A:VAL:224	1.000
A:ARG:235	A:GLU:99	1.000
A:LEU:28	A:TYR:30	1.000
A:ALA:350	A:LEU:347	1.000
A:LEU:194	A:SER:192	1.000
A:ALA:204	A:SER:207	1.000
A:ASP:66	A:LYS:64	1.000
A:LEU:193	A:VAL:198	1.000
A:LEU:168	A:LYS:164	1.000
A:GLY:237	A:HIS:15	1.000
A:ALA:330	A:LEU:344	1.000
A:MET:52	A:PHE:300	1.000
A:ARG:81	A:GLU:77	1.000
A:ILE:299	A:LYS:301	1.000
A:GLN:135	A:GLU:139	1.000
A:ALA:73	A:TRP:117	1.000
A:LEU:18	A:VAL:133	1.000
A:ILE:151	A:TYR:102	1.000
A:ARG:149	A:VAL:178	1.000
A:ARG:156	A:SER:192	1.000
A:GLU:203	A:LYS:170	1.000
A:GLU:321	A:PHE:317	1.000
A:GLU:25	A:TYR:29	1.000
A:THR:294	A:THR:303	1.000
A:ALA:108	A:PRO:116	1.000
A:GLY:20	A:LEU:18	1.000
A:LEU:283	A:VAL:280	1.000
A:ILE:230	A:LEU:193	1.000
A:GLN:202	A:VAL:205	1.000
A:ARG:142	A:GLN:138	1.000
A:LYS:11	A:VAL:95	1.000
A:GLN:138	A:GLY:140	1.000
A:ARG:101	A:LEU:14	1.000
A:LEU:194	A:VAL:198	1.000
A:ARG:156	A:HIS:197	1.000
A:ARG:251	A:TYR:249	1.000
A:GLU:99	A:SER:333	1.000
A:LEU:28	A:THR:42	1.000
A:LEU:252	A:VAL:228	1.000
A:GLU:128	A:LEU:124	1.000
A:PHE:300	A:THR:269	1.000
A:LEU:268	A:PHE:300	1.000
A:LEU:56	A:THR:269	1.000
A:ARG:253	A:TYR:249	1.000
A:ASP:296	A:THR:294	1.000
A:ARG:76	A:GLU:128	1.000
A:LEU:325	A:TYR:290	1.000
A:CYS:262	A:HIS:238	1.000
A:HIS:197	A:LEU:194	1.000
A:CYS:169	A:ILE:209	1.000
A:ASN:326	A:ASN:328	1.000
A:VAL:100	A:VAL:16	1.000
A:LEU:268	A:SER:266	1.000
A:ALA:40	A:LEU:28	1.000
A:ALA:43	A:LEU:47	1.000
A:ALA:73	A:ARG:34	1.000
A:ARG:34	A:CYS:75	1.000
A:ALA:91	A:GLU:93	1.000
A:GLU:339	A:LEU:343	1.000
A:GLY:270	A:TYR:267	1.000
A:ASN:48	A:GLY:45	1.000
A:HIS:157	A:TRP:161	1.000
A:GLN:138	A:GLU:141	1.000
A:GLY:184	A:LEU:62	1.000
A:LEU:47	A:VAL:49	1.000
A:ARG:101	A:HIS:214	1.000
A:GLU:260	A:SER:291	1.000
A:HIS:238	A:LEU:236	1.000
A:ALA:78	A:CYS:75	1.000
A:ILE:180	A:LEU:152	1.000
A:GLU:320	A:THR:318	1.000
A:ALA:227	A:ASP:229	1.000
A:ASP:181	A:LEU:152	1.000
A:PHE:317	A:PHE:322	1.000
A:ALA:200	A:VAL:198	1.000
A:GLU:139	A:GLU:141	1.000
A:GLU:222	A:SER:220	1.000
A:PRO:126	A:VAL:130	1.000
A:GLY:219	A:HIS:241	1.000
A:GLU:88	A:TYR:84	1.000
A:ARG:211	A:ILE:180	1.000
A:HIS:197	A:PRO:159	1.000
A:GLN:287	A:LEU:283	1.000
A:ARG:313	A:THR:311	1.000
A:ALA:108	A:LEU:106	1.000
A:ARG:81	A:TYR:84	1.000
A:LEU:124	A:LEU:132	1.000
A:CYS:169	A:LYS:171	1.000
A:ASP:143	A:GLU:141	1.000
A:ALA:357	A:ALA:359	1.000
A:THR:242	A:VAL:224	1.000
A:LYS:80	A:TYR:84	1.000
A:PRO:189	A:THR:187	1.000
A:GLU:93	A:MET:89	1.000
A:GLY:239	A:HIS:241	1.000
A:GLU:186	A:GLY:219	1.000
A:ARG:341	A:GLU:337	1.000
A:GLN:202	A:VAL:198	1.000
A:ALA:91	A:PHE:144	1.000
A:LEU:168	A:LYS:171	1.000
A:ASP:314	A:GLY:316	1.000
A:ARG:34	A:ILE:36	1.000
A:MET:89	A:PHE:86	1.000
A:ALA:200	A:SER:162	1.000
A:ASP:123	A:THR:125	1.000
A:ASN:109	A:LEU:124	1.000
A:ALA:91	A:VAL:87	1.000
A:LEU:152	A:LEU:168	1.000
A:GLY:140	A:PHE:144	1.000
A:GLY:216	A:GLY:219	1.000
A:HIS:258	A:SER:291	1.000
A:PRO:163	A:TRP:161	1.000
A:GLN:309	A:THR:306	1.000
A:GLU:44	A:THR:42	1.000
A:LYS:170	A:VAL:166	1.000
A:CYS:154	A:LEU:182	1.000
A:HIS:278	A:VAL:280	1.000
A:GLU:186	A:GLY:216	1.000
A:GLY:140	A:VAL:87	1.000
A:PHE:322	A:THR:318	1.000
A:PRO:159	A:PRO:163	1.000
A:GLY:216	A:HIS:241	1.000
A:LEU:325	A:PHE:317	1.000
A:GLU:226	A:ILE:230	1.000
A:ASP:245	A:THR:242	1.000
A:THR:242	A:TYR:249	1.000
A:ALA:73	A:GLN:119	1.000
A:GLU:25	A:ILE:27	1.000
A:THR:269	A:THR:57	1.000
A:PHE:300	A:SER:265	1.000
A:GLU:186	A:VAL:218	1.000
A:GLU:13	A:VAL:98	1.000
A:LYS:64	A:TYR:67	1.000
A:ASP:229	A:LYS:225	1.000
A:LEU:168	A:VAL:165	1.000
A:ILE:27	A:LEU:298	1.000
A:ARG:253	A:ASP:286	1.000
A:PRO:10	A:VAL:96	1.000
A:PHE:86	A:SER:21	1.000
A:HIS:278	A:SER:266	1.000
A:ALA:73	A:MET:69	1.000
A:GLU:342	A:LEU:346	1.000
A:ARG:32	A:TYR:30	1.000
A:ASN:326	A:TYR:308	1.000
A:GLY:216	A:VAL:218	1.000
A:GLY:136	A:TYR:84	1.000
A:HIS:258	A:LEU:236	1.000
A:PHE:322	A:PHE:7	1.000
A:ILE:79	A:ILE:82	1.000
A:PRO:297	A:SER:21	1.000
A:PHE:86	A:VAL:16	1.000
A:ALA:131	A:ASP:127	1.000
A:ARG:34	A:PRO:70	1.000
A:GLY:45	A:VAL:49	1.000
A:PHE:61	A:PHE:65	1.000
A:ILE:50	A:LYS:64	1.000
A:CYS:154	A:ILE:180	1.000
A:HIS:258	A:LEU:14	1.000
A:GLU:128	A:THR:125	1.000
A:ILE:299	A:PHE:61	1.000
A:GLU:319	A:LYS:9	1.000
A:PHE:259	A:SER:291	1.000
A:ILE:327	A:LEU:325	1.000
A:GLN:199	A:HIS:197	1.000
A:LEU:252	A:MET:257	1.000
A:LYS:90	A:LYS:92	1.000
A:GLY:134	A:LEU:137	1.000
A:ASN:293	A:LEU:14	1.000
A:ASP:296	A:LEU:298	1.000
A:ALA:83	A:GLU:85	1.000
A:TYR:201	A:VAL:213	1.000
A:ASN:250	A:LEU:248	1.000
A:LEU:18	A:PHE:86	1.000
A:LEU:304	A:VAL:95	1.000
A:ARG:341	A:ASP:338	1.000
A:ARG:101	A:CYS:153	1.000
A:GLY:270	A:TRP:272	1.000
A:LEU:58	A:PHE:61	1.000
A:CYS:169	A:LEU:152	1.000
A:LYS:164	A:TRP:161	1.000
A:HIS:214	A:LEU:182	1.000
A:LYS:225	A:VAL:223	1.000
A:GLU:85	A:LYS:23	1.000
A:SER:302	A:THR:306	1.000
A:GLU:339	A:PRO:336	1.000
A:LYS:11	A:TYR:308	1.000
A:GLU:77	A:TYR:30	1.000
A:ARG:32	A:ARG:34	1.000
A:ALA:279	A:ARG:282	1.000
A:GLU:203	A:LYS:206	1.000
A:ARG:251	A:LEU:248	1.000
A:ASP:307	A:LEU:304	1.000
A:ASN:328	A:SER:332	1.000
A:ILE:299	A:PHE:65	1.000
A:SER:110	A:VAL:112	1.000
A:GLU:217	A:LEU:58	1.000
A:ALA:330	A:ASN:328	1.000
A:ALA:221	A:VAL:224	1.000
A:CYS:75	A:GLU:77	1.000
A:ILE:79	A:LEU:132	1.000
A:LEU:268	A:MET:52	1.000
A:ARG:101	A:ASP:181	1.000
A:ILE:50	A:LEU:46	1.000
A:PRO:104	A:TYR:102	1.000
A:CYS:169	A:GLU:167	1.000
A:GLU:13	A:LEU:304	1.000
A:PRO:159	A:TRP:161	1.000
A:THR:306	A:TRP:264	1.000
A:THR:26	A:TYR:30	1.000
A:LYS:232	A:VAL:228	1.000
A:GLU:139	A:LEU:137	1.000
A:GLN:254	A:LEU:252	1.000
A:ARG:313	A:ASP:314	1.000
A:ASP:19	A:TYR:68	1.000
A:ARG:251	A:ASP:229	1.000
A:ALA:221	A:VAL:223	1.000
A:LYS:9	A:TYR:351	1.000
A:ALA:73	A:LEU:107	1.000
A:ASN:256	A:HIS:258	1.000
A:HIS:15	A:HIS:214	1.000
A:GLU:85	A:VAL:87	1.000
A:ASP:338	A:GLU:342	1.000
A:PRO:39	A:VAL:49	1.000
A:GLU:128	A:PRO:126	1.000
A:ASN:256	A:LEU:252	1.000
A:LYS:64	A:TYR:68	1.000
A:ALA:221	A:ASP:245	1.000
A:ASP:19	A:ILE:22	1.000
A:HIS:278	A:TRP:272	1.000
A:ARG:149	A:GLU:99	1.000
A:ALA:6	A:GLN:309	1.000
A:LYS:273	A:THR:276	1.000
A:ASN:362	A:GLY:360	1.000
A:LEU:58	A:VAL:218	1.000
A:CYS:169	A:VAL:166	1.000
A:GLU:85	A:ILE:82	1.000
A:GLY:190	A:ILE:188	1.000
A:SER:207	A:VAL:205	1.000
A:GLU:77	A:ILE:79	1.000
A:GLU:319	A:LYS:323	1.000
A:ASN:48	A:GLU:44	1.000
A:GLN:135	A:LYS:80	1.000
A:GLU:13	A:LYS:90	1.000
A:PHE:144	A:VAL:146	1.000
A:ASP:185	A:LEU:62	1.000
A:GLY:136	A:LYS:80	1.000
A:GLY:31	A:GLY:35	1.000
A:ASP:127	A:THR:125	1.000
A:GLU:203	A:VAL:205	1.000
A:GLU:260	A:THR:212	1.000
A:SER:356	A:TYR:348	1.000
A:ALA:108	A:PRO:104	1.000
A:LEU:168	A:VAL:166	1.000
A:TYR:172	A:VAL:130	1.000
A:PHE:65	A:TYR:67	1.000
A:ARG:76	A:LYS:80	1.000
A:ARG:211	A:VAL:205	1.000
A:LEU:268	A:SER:265	1.000
A:GLY:74	A:ILE:72	1.000
A:ASP:127	A:LEU:168	1.000
A:HIS:210	A:ILE:180	1.000
A:ALA:148	A:VAL:146	1.000
A:ALA:357	A:PRO:355	1.000
A:ARG:253	A:ASN:250	1.000
A:ARG:33	A:GLY:35	1.000
A:ALA:71	A:MET:69	1.000
A:MET:310	A:TRP:272	1.000
A:ARG:324	A:GLN:287	1.000
A:LEU:243	A:TYR:249	1.000
A:ASP:296	A:ILE:299	1.000
A:HIS:15	A:HIS:17	1.000
A:LEU:252	A:TYR:249	1.000
A:LEU:18	A:SER:21	1.000
A:ALA:6	A:TYR:308	1.000
A:ASP:181	A:ILE:151	1.000
A:ARG:142	A:GLU:139	1.000
A:ARG:253	A:ASN:256	1.000
A:ILE:22	A:LEU:18	1.000
A:HIS:278	A:MET:315	1.000
A:LYS:147	A:VAL:96	1.000
A:ALA:83	A:ILE:79	1.000
A:GLN:119	A:ILE:115	1.000
A:GLU:93	A:THR:303	1.000
A:GLU:337	A:LYS:340	1.000
A:GLN:138	A:GLY:134	1.000
A:HIS:105	A:PRO:126	1.000
A:ILE:79	A:LEU:124	1.000
A:GLN:199	A:GLU:203	1.000
A:PRO:24	A:THR:26	1.000
A:ALA:108	A:GLN:119	1.000
A:GLU:321	A:THR:318	1.000
A:MET:315	A:VAL:280	1.000
A:ASN:293	A:ASP:295	1.000
A:ARG:282	A:GLN:246	1.000
A:ALA:179	A:LEU:152	1.000
A:ARG:149	A:GLU:141	1.000
A:ARG:324	A:TYR:290	1.000
A:ILE:151	A:ILE:180	1.000
A:GLU:260	A:GLY:237	1.000
A:ILE:79	A:LEU:107	1.000
A:PHE:7	A:TYR:308	1.000
A:PHE:334	A:VAL:178	1.000
A:ARG:156	A:GLY:184	1.000
A:ALA:330	A:ASN:326	1.000
A:LYS:92	A:MET:89	1.000
A:PRO:354	A:SER:358	1.000
A:LEU:46	A:VAL:49	1.000
A:SER:150	A:THR:176	1.000
A:GLU:25	A:LYS:23	1.000
A:GLU:217	A:HIS:241	1.000
A:ARG:33	A:GLY:31	1.000
A:MET:310	A:MET:315	1.000
A:ILE:261	A:VAL:280	1.000
A:GLU:99	A:TYR:97	1.000
A:PHE:322	A:THR:311	1.000
A:ALA:215	A:VAL:224	1.000
A:THR:242	A:TYR:240	1.000
A:ARG:324	A:ASN:328	1.000
A:ILE:82	A:PHE:86	1.000
A:HIS:278	A:TYR:240	1.000
A:TYR:102	A:VAL:133	1.000
A:ARG:156	A:SER:191	1.000
A:SER:162	A:VAL:166	1.000
A:LEU:343	A:LEU:346	1.000
A:LEU:231	A:THR:233	1.000
A:PRO:114	A:VAL:112	1.000
A:ASP:60	A:LEU:56	1.000
A:ARG:235	A:PHE:334	1.000
A:ALA:359	A:SER:356	1.000
A:LEU:152	A:VAL:130	1.000
A:LYS:23	A:THR:26	1.000
A:ASP:305	A:THR:303	1.000
A:GLU:260	A:HIS:15	1.000
A:LEU:58	A:LEU:62	1.000
A:GLU:13	A:VAL:16	1.000
A:ASN:293	A:GLU:260	1.000
A:GLY:216	A:VAL:224	1.000
A:ALA:279	A:TYR:240	1.000
A:GLY:31	A:ILE:36	1.000
A:LEU:231	A:TYR:201	1.000
A:ILE:115	A:VAL:112	1.000
A:ARG:211	A:GLU:234	1.000
A:ASN:289	A:HIS:258	1.000
A:SER:356	A:SER:358	1.000
A:ILE:27	A:LEU:38	1.000
A:LEU:304	A:TYR:308	1.000
A:LEU:344	A:LYS:340	1.000
A:ILE:82	A:LEU:18	1.000
A:LEU:298	A:TYR:68	1.000
A:CYS:169	A:TYR:172	1.000
A:PHE:7	A:PRO:5	1.000
A:ALA:330	A:SER:333	1.000
A:PHE:65	A:TYR:68	1.000
A:ARG:101	A:VAL:16	1.000
A:GLU:277	A:TRP:272	1.000
A:ALA:204	A:ILE:209	1.000
A:HIS:15	A:HIS:238	1.000
A:CYS:262	A:SER:266	1.000
A:ALA:279	A:LEU:283	1.000
A:GLU:167	A:LYS:170	1.000
A:ARG:149	A:TYR:97	1.000
A:GLU:234	A:HIS:210	1.000
A:LEU:132	A:LYS:80	1.000
A:ARG:235	A:ILE:151	1.000
A:ILE:79	A:VAL:133	1.000
A:ALA:43	A:GLU:25	1.000
A:ALA:183	A:CYS:154	1.000
A:LYS:11	A:VAL:96	1.000
A:GLU:186	A:GLY:184	1.000
A:ALA:40	A:LEU:38	1.000
A:GLU:186	A:LEU:58	1.000
A:GLN:246	A:LEU:248	1.000
A:ARG:341	A:LEU:343	1.000
A:ALA:330	A:SER:332	1.000
A:ALA:247	A:ASP:245	1.000
A:SER:266	A:TRP:264	1.000
A:ASN:328	A:LYS:331	1.000
A:HIS:157	A:ILE:188	1.000
A:ALA:247	A:TYR:249	1.000
A:ILE:180	A:VAL:165	1.000
A:ASP:307	A:THR:311	1.000
A:GLY:270	A:LEU:268	1.000
A:PRO:274	A:TYR:267	1.000
A:ALA:221	A:LEU:248	1.000
A:HIS:210	A:PHE:334	1.000
A:ASN:109	A:GLU:121	1.000
A:ALA:108	A:HIS:105	1.000
A:LYS:170	A:SER:207	1.000
A:ALA:6	A:ASP:305	1.000
A:GLU:88	A:LYS:92	1.000
A:GLU:141	A:LEU:137	1.000
A:ALA:288	A:ASP:286	1.000
A:LEU:28	A:THR:26	1.000
A:ALA:183	A:HIS:214	1.000
A:CYS:153	A:SER:103	1.000
A:GLU:44	A:LEU:47	1.000
A:ASN:293	A:ASP:307	1.000
A:ALA:204	A:GLY:208	1.000
A:GLN:309	A:LYS:312	1.000
A:GLU:128	A:VAL:130	1.000
A:LYS:331	A:SER:333	1.000
A:ASP:60	A:LEU:62	1.000
A:CYS:262	A:TRP:264	1.000
A:ASN:326	A:PHE:322	1.000
A:TYR:201	A:VAL:205	1.000
A:GLY:196	A:SER:162	1.000
A:ASN:109	A:GLN:119	1.000
A:LEU:283	A:TYR:249	1.000
A:PRO:297	A:THR:294	1.000
A:HIS:278	A:THR:276	1.000
A:ALA:43	A:GLY:45	1.000
A:ARG:81	A:TYR:29	1.000
A:LEU:325	A:PHE:322	1.000
A:ALA:83	A:LEU:137	1.000
A:ASP:296	A:PHE:61	1.000
A:GLY:190	A:LEU:193	1.000
A:THR:306	A:TYR:308	1.000
A:ALA:78	A:LYS:80	1.000
A:ARG:324	A:ASN:326	1.000
A:ASN:285	A:GLN:287	1.000
A:ARG:251	A:GLU:255	1.000
A:ASP:143	A:GLY:140	1.000
A:LEU:236	A:PHE:259	1.000
A:GLU:222	A:LYS:225	1.000
A:GLY:122	A:SER:110	1.000
A:LEU:236	A:MET:257	1.000
A:LYS:147	A:TYR:97	1.000
A:CYS:154	A:SER:162	1.000
A:ASP:19	A:HIS:17	1.000
A:ARG:253	A:GLU:255	1.000
A:HIS:214	A:HIS:238	1.000
A:ALA:200	A:HIS:197	1.000
A:HIS:278	A:ILE:281	1.000
A:ILE:72	A:PRO:70	1.000
A:HIS:157	A:MET:155	1.000
A:GLN:173	A:VAL:177	1.000
A:GLN:309	A:THR:4	1.000
A:ALA:91	A:VAL:146	1.000
A:LEU:56	A:MET:52	1.000
A:ALA:91	A:GLY:94	1.000
A:GLU:337	A:GLU:339	1.000
A:ALA:131	A:GLU:128	1.000
A:LYS:164	A:SER:162	1.000
A:MET:310	A:TYR:308	1.000
A:ARG:101	A:HIS:15	1.000
A:PRO:114	A:TRP:161	1.000
A:ASP:296	A:PHE:65	1.000
A:LEU:344	A:TYR:348	1.000
A:ALA:279	A:ILE:281	1.000
A:GLU:260	A:HIS:238	1.000
A:GLN:246	A:LEU:243	1.000
A:ASN:250	A:GLN:246	1.000
A:LEU:106	A:SER:103	1.000
A:ASP:286	A:LEU:283	1.000
A:ILE:22	A:ILE:27	1.000
A:VAL:130	A:VAL:177	1.000
A:LYS:90	A:VAL:95	1.000
A:LEU:304	A:LYS:11	1.000
A:ALA:329	A:LEU:14	1.000
A:ILE:82	A:TYR:84	1.000
A:LYS:331	A:LYS:340	1.000
A:HIS:197	A:SER:191	1.000
A:GLU:320	A:PHE:322	1.000
A:ARG:235	A:HIS:258	1.000
A:ASN:289	A:PHE:259	1.000
A:GLU:226	A:LEU:193	1.000
A:LYS:11	A:PHE:7	1.000
A:ARG:142	A:ASP:143	1.000
A:PRO:159	A:SER:162	1.000
A:LYS:284	A:PHE:317	1.000
A:ASN:289	A:MET:257	1.000
A:TRP:161	A:VAL:165	1.000
A:ALA:91	A:MET:89	1.000
A:ARG:282	A:LEU:243	1.000
A:ALA:179	A:PHE:334	1.000
A:TYR:201	A:VAL:198	1.000
A:ALA:288	A:TYR:290	1.000
A:LEU:38	A:TYR:67	1.000
A:ASP:143	A:GLU:139	1.000
A:CYS:262	A:GLU:260	1.000
A:PRO:114	A:PRO:116	1.000
A:ASN:160	A:GLN:158	1.000
A:ARG:156	A:GLN:158	1.000
A:ASP:127	A:VAL:130	1.000
A:GLU:321	A:LYS:323	1.000
A:ALA:108	A:THR:125	1.000
A:GLN:119	A:GLY:74	1.000
A:ALA:40	A:THR:42	1.000
A:LEU:347	A:TYR:351	1.000
A:ASN:326	A:LEU:347	1.000
A:GLU:339	A:LYS:147	1.000
A:GLN:135	A:LEU:132	1.000
A:LEU:62	A:LYS:64	1.000
A:GLY:136	A:LEU:132	1.000
A:ASP:314	A:LYS:312	1.000
A:ARG:101	A:HIS:17	1.000
A:LEU:137	A:VAL:133	1.000
A:GLY:190	A:SER:192	1.000
A:LEU:236	A:VAL:224	1.000
A:CYS:169	A:VAL:165	1.000
A:ARG:33	A:GLU:77	1.000
A:ALA:83	A:VAL:133	1.000
A:PHE:86	A:VAL:100	1.000
A:ASP:307	A:PRO:263	1.000
A:ALA:179	A:ILE:151	1.000
A:LEU:14	A:VAL:12	1.000
A:ALA:200	A:ALA:204	1.000
A:ARG:76	A:LEU:132	1.000
A:GLN:174	A:TYR:172	1.000
A:ILE:27	A:TYR:29	1.000
A:ALA:350	A:LEU:346	1.000
A:GLY:31	A:TYR:29	1.000
A:PRO:274	A:TRP:272	1.000
A:ALA:288	A:LEU:283	1.000
A:GLN:173	A:GLN:175	1.000
A:LEU:298	A:PHE:300	1.000
A:VAL:224	A:VAL:228	1.000
A:LYS:90	A:VAL:87	1.000
A:ILE:72	A:ILE:82	1.000
A:LEU:292	A:PRO:263	1.000
A:LEU:292	A:THR:311	1.000
A:ALA:43	A:LEU:28	1.000
A:GLY:184	A:MET:155	1.000
A:GLU:13	A:GLU:99	1.000
A:TRP:264	A:TYR:267	1.000
A:GLU:99	A:PHE:334	1.000
A:ILE:230	A:VAL:228	1.000
A:LEU:268	A:PRO:55	1.000
A:MET:89	A:VAL:87	1.000
A:TRP:161	A:VAL:112	1.000
A:ASP:345	A:LYS:349	1.000
A:MET:69	A:PHE:65	1.000
A:ARG:33	A:TYR:29	1.000
A:ALA:204	A:VAL:166	1.000
A:ALA:63	A:ASP:66	1.000
A:GLU:167	A:LYS:164	1.000
A:MET:52	A:PHE:61	1.000
A:ASN:293	A:ILE:261	1.000
A:GLU:226	A:SER:192	1.000
A:ALA:179	A:CYS:169	1.000
A:GLY:134	A:VAL:130	1.000
A:SER:150	A:VAL:177	1.000
A:ALA:108	A:PRO:126	1.000
A:ASP:60	A:LEU:58	1.000
A:ARG:341	A:GLU:339	1.000
A:HIS:105	A:TRP:161	1.000
A:HIS:258	A:SER:332	1.000
A:ILE:188	A:SER:191	1.000
A:GLU:99	A:ILE:151	1.000
A:GLN:138	A:THR:176	1.000
A:GLY:20	A:PRO:297	1.000
A:ASP:295	A:PRO:297	1.000
A:ASN:118	A:PRO:116	1.000
A:HIS:17	A:HIS:214	1.000
A:ILE:82	A:LYS:80	1.000
A:CYS:262	A:SER:265	1.000
A:ARG:34	A:TYR:30	1.000
A:ALA:200	A:GLU:203	1.000
A:PRO:189	A:SER:191	1.000
A:MET:315	A:PHE:317	1.000
A:ASN:289	A:SER:332	1.000
A:GLU:277	A:ILE:281	1.000
A:GLN:199	A:PRO:195	1.000
A:GLY:316	A:THR:311	1.000
A:ILE:327	A:LYS:331	1.000
A:ALA:215	A:ALA:227	1.000
A:HIS:157	A:PRO:159	1.000
A:ARG:156	A:LEU:182	1.000
A:HIS:197	A:PRO:195	1.000
A:LEU:344	A:LEU:347	1.000
A:ALA:78	A:TYR:30	1.000
A:ALA:271	A:HIS:241	1.000
A:PHE:86	A:TYR:84	1.000
A:ARG:32	A:LEU:28	1.000
A:ASP:181	A:TYR:201	1.000
A:LYS:64	A:VAL:49	1.000
A:LYS:171	A:TYR:172	1.000
A:GLU:85	A:THR:26	1.000
A:GLN:3	A:MET:1	1.000
A:PRO:263	A:TYR:267	1.000
A:ASN:326	A:LYS:323	1.000
A:TYR:290	A:VAL:280	1.000
A:LYS:284	A:VAL:280	1.000
A:ALA:200	A:VAL:166	1.000
A:ASP:345	A:LEU:343	1.000
A:SER:162	A:VAL:165	1.000
A:GLU:85	A:MET:89	1.000
A:ARG:211	A:PHE:334	1.000
A:ARG:341	A:ASP:345	1.000
A:ASP:181	A:CYS:154	1.000
A:ARG:76	A:LEU:124	1.000
A:ALA:131	A:GLN:135	1.000
A:ARG:235	A:MET:257	1.000
A:ASP:66	A:PRO:70	1.000
A:LEU:325	A:LYS:323	1.000
A:ALA:63	A:ASP:60	1.000
A:LEU:58	A:THR:269	1.000
A:GLU:342	A:LYS:340	1.000
A:GLU:139	A:TYR:84	1.000
A:LEU:298	A:LEU:47	1.000
A:ARG:211	A:THR:233	1.000
A:ASP:127	A:TYR:172	1.000
A:ILE:261	A:PHE:259	1.000
A:ASN:285	A:ILE:281	1.000
A:ARG:324	A:GLU:321	1.000
A:ILE:22	A:PRO:24	1.000
A:MET:353	A:TYR:348	1.000
A:PHE:61	A:THR:57	1.000
A:TYR:102	A:VAL:130	1.000
A:SER:220	A:VAL:224	1.000
A:ASP:143	A:TYR:84	1.000
A:GLN:3	A:PRO:5	1.000
A:SER:21	A:VAL:16	1.000
A:GLY:196	A:LEU:194	1.000
A:ASN:250	A:LEU:252	1.000
A:ASP:305	A:ASP:307	1.000
A:MET:310	A:THR:306	1.000
A:GLY:31	A:ILE:27	1.000
A:SER:302	A:TRP:264	1.000
A:THR:276	A:TRP:272	1.000
A:PRO:263	A:SER:266	1.000
A:ILE:151	A:VAL:100	1.000
A:ASP:181	A:HIS:214	1.000
A:LEU:18	A:VAL:100	1.000
A:ALA:78	A:ILE:82	1.000
A:ALA:329	A:HIS:258	1.000
A:ASP:123	A:GLU:128	1.000
A:GLY:140	A:LEU:137	1.000
A:GLY:360	A:SER:358	1.000
A:ALA:329	A:LEU:325	1.000
A:ILE:281	A:MET:315	1.000
A:LEU:168	A:LYS:170	1.000
A:ALA:179	A:HIS:210	1.000
A:GLU:167	A:LYS:171	1.000
A:ASP:185	A:ILE:188	1.000
A:MET:310	A:PRO:263	1.000
A:ASN:256	A:GLN:254	1.000
A:GLU:320	A:LYS:323	1.000
A:ILE:36	A:LEU:38	1.000
A:GLU:113	A:TRP:161	1.000
A:ARG:81	A:GLU:85	1.000
A:ALA:221	A:LYS:225	1.000
