# total_frames:1 beg:0 end:0 stride:1 interaction_types:hp,sb,pc,ps,ts,vdw,hb
# Columns: frame, interaction_type, atom_1, atom_2[, atom_3[, atom_4]]
0	sb	A:GLU:88:OE2	A:LYS:23:NZ
0	sb	A:ARG:149:NH1	A:GLU:141:OE1
0	sb	A:GLU:217:OE2	A:HIS:238:NE2
0	sb	A:ARG:101:NH2	A:GLU:260:OE2
0	sb	A:ARG:313:NH2	A:ASP:314:OD2
0	sb	A:ARG:251:NH1	A:ASP:229:OD1
0	sb	A:ASP:181:OD2	A:HIS:214:ND1
0	sb	A:ARG:235:NH2	A:GLU:99:OE2
0	sb	A:ARG:76:NH2	A:GLU:128:OE2
0	sb	A:ARG:142:NH2	A:ASP:143:OD1
0	sb	A:ASP:127:OD1	A:LYS:171:NZ
0	sb	A:ARG:282:NH2	A:ASP:286:OD2
0	sb	A:GLU:167:OE2	A:LYS:170:NZ
0	sb	A:ARG:76:NH2	A:ASP:123:OD1
0	sb	A:ARG:324:NH1	A:GLU:321:OE2
0	sb	A:GLU:93:OE2	A:LYS:90:NZ
0	sb	A:GLU:234:OE2	A:HIS:210:ND1
0	sb	A:ARG:33:NH1	A:GLU:77:OE2
0	sb	A:GLU:260:OE2	A:HIS:15:ND1
0	sb	A:GLU:13:OE2	A:LYS:90:NZ
0	sb	A:ASP:295:OD1	A:HIS:17:NE2
0	sb	A:ASP:53:OD2	A:LYS:301:NZ
0	sb	A:GLU:88:OE1	A:LYS:92:NZ
0	sb	A:ARG:101:NH1	A:ASP:181:OD1
0	sb	A:ARG:101:NH1	A:GLU:260:OE2
0	sb	A:ARG:76:NH2	A:GLU:128:OE1
0	sb	A:GLU:337:OE1	A:LYS:340:NZ
0	sb	A:ARG:324:NH1	A:GLU:321:OE1
0	sb	A:ARG:251:NH2	A:ASP:229:OD2
0	sb	A:GLU:319:OE1	A:LYS:9:NZ
0	sb	A:GLU:339:OE2	A:LYS:147:NZ
0	sb	A:ARG:235:NH1	A:GLU:99:OE2
0	sb	A:GLU:139:OE2	A:LYS:80:NZ
0	sb	A:ARG:101:NH2	A:GLU:260:OE1
0	sb	A:ARG:149:NH2	A:GLU:339:OE2
0	sb	A:ARG:235:NH1	A:GLU:99:OE1
0	sb	A:ARG:313:NH2	A:ASP:314:OD1
0	sb	A:ASP:181:OD1	A:HIS:214:ND1
0	sb	A:GLU:320:OE1	A:LYS:323:NZ
0	sb	A:ARG:235:NH2	A:GLU:260:OE1
0	sb	A:GLU:141:OE1	A:LYS:147:NZ
0	sb	A:GLU:319:OE1	A:LYS:323:NZ
0	sb	A:GLU:203:OE1	A:LYS:170:NZ
0	sb	A:ARG:149:NH1	A:GLU:141:OE2
0	sb	A:GLU:167:OE1	A:LYS:170:NZ
0	sb	A:ARG:142:NH2	A:ASP:143:OD2
0	sb	A:ASP:127:OD2	A:LYS:171:NZ
0	sb	A:GLU:88:OE2	A:LYS:92:NZ
0	sb	A:GLU:234:OE1	A:HIS:210:ND1
0	sb	A:ARG:33:NH1	A:GLU:77:OE1
0	sb	A:ARG:251:NH1	A:ASP:229:OD2
0	sb	A:ARG:251:NH2	A:ASP:229:OD1
0	sb	A:ARG:211:NH2	A:GLU:234:OE1
0	sb	A:ARG:76:NH1	A:GLU:128:OE1
0	sb	A:GLU:13:OE1	A:LYS:90:NZ
0	sb	A:GLU:222:OE2	A:LYS:225:NZ
0	sb	A:ARG:149:NH2	A:GLU:339:OE1
0	sb	A:ASP:295:OD1	A:HIS:15:NE2
0	sb	A:ARG:101:NH1	A:ASP:181:OD2
0	sb	A:ARG:33:NH2	A:GLU:77:OE2
0	sb	A:ARG:81:NH2	A:GLU:85:OE1
0	sb	A:GLU:139:OE1	A:LYS:80:NZ
0	sb	A:ASP:19:OD1	A:HIS:17:ND1
0	pc	A:HIS:278:ND1	A:TRP:272:CD2
0	pc	A:ARG:81:NH2	A:TYR:29:CE1
0	pc	A:HIS:15:CD2	A:HIS:238:ND1
0	pc	A:HIS:15:NE2	A:HIS:214:CD2
0	pc	A:HIS:105:NE2	A:TRP:161:CD2
0	pc	A:ARG:81:NH1	A:TYR:30:CE1
0	pc	A:HIS:214:CD2	A:HIS:238:ND1
0	pc	A:HIS:210:ND1	A:PHE:334:CE1
0	pc	A:HIS:278:ND1	A:TYR:240:CE1
0	pc	A:HIS:278:NE2	A:TYR:240:CE1
0	pc	A:ARG:282:NH1	A:TYR:249:CE1
0	pc	A:ARG:324:NH1	A:TYR:290:CE1
0	pc	A:ARG:235:NH1	A:PHE:334:CE1
0	pc	A:HIS:15:CD2	A:HIS:238:NE2
0	pc	A:ARG:101:NH2	A:HIS:15:CD2
0	pc	A:ARG:235:NH2	A:PHE:334:CE1
0	pc	A:HIS:210:NE2	A:PHE:334:CE1
0	pc	A:HIS:15:ND1	A:HIS:238:CD2
0	pc	A:ARG:101:NH1	A:HIS:15:CD2
0	pc	A:HIS:105:ND1	A:TRP:161:CD2
0	pc	A:LYS:11:NZ	A:TYR:308:CE1
0	pc	A:LYS:90:NZ	A:PHE:86:CE1
0	pc	A:LYS:171:NZ	A:TYR:172:CE1
0	pc	A:HIS:238:ND1	A:TYR:240:CE1
0	pc	A:HIS:15:CD2	A:HIS:17:NE2
0	pc	A:HIS:214:CD2	A:HIS:238:NE2
0	pc	A:HIS:15:ND1	A:HIS:214:CD2
0	pc	A:HIS:157:NE2	A:TRP:161:CD2
0	pc	A:HIS:15:NE2	A:HIS:238:CD2
0	pc	A:HIS:278:NE2	A:TRP:272:CD2
0	pc	A:ARG:81:NH1	A:TYR:29:CE1
0	ps	A:HIS:210:CD2	A:PHE:334:CE1
0	ps	A:HIS:105:CD2	A:TRP:161:CD2
0	ts	A:HIS:278:CD2	A:TRP:272:CD2
0	vdw	A:ARG:32:NE	A:LEU:28:O
0	vdw	A:ARG:32:CG	A:LEU:28:O
0	vdw	A:ARG:33:N	A:TYR:29:O
0	vdw	A:ARG:33:CB	A:TYR:29:O
0	vdw	A:ARG:32:N	A:TYR:29:O
0	vdw	A:ARG:32:C	A:ARG:34:N
0	vdw	A:ARG:32:O	A:ARG:34:N
0	vdw	A:ARG:33:N	A:GLY:31:C
0	vdw	A:ARG:33:N	A:GLY:31:O
0	vdw	A:ARG:32:O	A:GLY:35:N
0	vdw	A:ARG:33:N	A:TYR:30:O
0	vdw	A:ARG:32:CB	A:LEU:28:O
0	vdw	A:GLY:31:O	A:GLY:35:CA
0	vdw	A:GLY:31:O	A:GLY:35:C
0	vdw	A:ARG:81:NH1	A:TYR:29:CE1
0	vdw	A:ARG:33:NH1	A:TYR:29:CE1
0	vdw	A:ARG:33:NH1	A:TYR:29:OH
0	vdw	A:ARG:33:C	A:GLY:35:N
0	vdw	A:ARG:34:N	A:TYR:30:O
0	vdw	A:ARG:34:N	A:GLY:31:O
0	vdw	A:ARG:34:CA	A:TYR:30:O
0	vdw	A:ARG:34:CB	A:TYR:30:O
0	vdw	A:ARG:34:C	A:ILE:36:N
0	vdw	A:ARG:34:O	A:ILE:36:N
0	vdw	A:GLY:31:O	A:GLY:35:N
0	vdw	A:ARG:33:NH1	A:GLU:77:CD
0	vdw	A:ARG:33:CZ	A:GLU:77:CD
0	vdw	A:ARG:33:NH1	A:GLU:77:OE1
0	vdw	A:GLU:77:CD	A:TYR:30:OH
0	vdw	A:GLU:77:OE1	A:TYR:30:OH
0	vdw	A:ARG:34:CG	A:TYR:30:O
0	vdw	A:ARG:33:NH1	A:GLU:77:OE2
0	vdw	A:ARG:33:NH2	A:GLU:77:OE2
0	vdw	A:ARG:33:CZ	A:GLU:77:OE2
0	vdw	A:ARG:76:NH2	A:ASP:123:CG
0	vdw	A:ARG:32:NH1	A:ASN:41:O
0	vdw	A:ASN:41:C	A:LEU:28:CD2
0	vdw	A:ASN:41:CA	A:LEU:28:CD2
0	vdw	A:ARG:32:CZ	A:LEU:28:O
0	vdw	A:LEU:28:CB	A:PRO:24:O
0	vdw	A:GLU:25:O	A:LEU:28:CB
0	vdw	A:GLU:25:O	A:TYR:29:CB
0	vdw	A:THR:26:O	A:TYR:29:CB
0	vdw	A:ARG:32:N	A:LEU:28:O
0	vdw	A:LEU:28:C	A:TYR:30:N
0	vdw	A:ILE:27:C	A:TYR:29:N
0	vdw	A:GLY:31:N	A:TYR:29:C
0	vdw	A:LEU:28:CA	A:LEU:38:CD1
0	vdw	A:ILE:27:O	A:TYR:29:N
0	vdw	A:THR:26:O	A:TYR:29:N
0	vdw	A:GLU:25:O	A:TYR:29:N
0	vdw	A:GLU:25:O	A:TYR:29:CA
0	vdw	A:GLY:31:CA	A:ILE:36:O
0	vdw	A:GLY:31:C	A:ILE:36:O
0	vdw	A:GLY:31:O	A:ILE:36:N
0	vdw	A:GLY:31:O	A:ILE:36:O
0	vdw	A:ARG:32:N	A:TYR:30:C
0	vdw	A:ARG:32:N	A:TYR:30:O
0	vdw	A:GLY:31:CA	A:ILE:27:O
0	vdw	A:ILE:36:O	A:LEU:38:N
0	vdw	A:ARG:81:NE	A:GLU:85:CD
0	vdw	A:ARG:81:NE	A:GLU:85:OE1
0	vdw	A:ARG:81:NH2	A:GLU:85:OE1
0	vdw	A:ARG:81:CZ	A:GLU:85:OE1
0	vdw	A:ARG:81:NH1	A:TYR:29:CD1
0	vdw	A:THR:26:O	A:TYR:30:N
0	vdw	A:THR:26:O	A:TYR:30:CD2
0	vdw	A:ALA:78:CB	A:TYR:30:CG
0	vdw	A:ALA:78:CB	A:TYR:30:CD2
0	vdw	A:THR:26:CG2	A:TYR:30:CD2
0	vdw	A:ALA:71:O	A:TYR:30:CB
0	vdw	A:ILE:27:O	A:TYR:30:N
0	vdw	A:GLY:31:N	A:ILE:27:O
0	vdw	A:ILE:36:CG2	A:PRO:70:CB
0	vdw	A:ARG:81:CD	A:TYR:30:OH
0	vdw	A:GLU:77:O	A:TYR:30:OH
0	vdw	A:GLU:77:CG	A:TYR:30:OH
0	vdw	A:GLU:77:C	A:TYR:30:OH
0	vdw	A:GLU:77:CB	A:TYR:30:OH
0	vdw	A:ALA:78:N	A:TYR:30:OH
0	vdw	A:ALA:78:CA	A:TYR:30:OH
0	vdw	A:GLU:77:C	A:TYR:30:CZ
0	vdw	A:ALA:78:N	A:TYR:30:CZ
0	vdw	A:ALA:78:CB	A:TYR:30:CE1
0	vdw	A:ALA:78:CA	A:TYR:30:CE2
0	vdw	A:ALA:78:CB	A:TYR:30:CE2
0	vdw	A:ALA:78:CA	A:TYR:30:CZ
0	vdw	A:ALA:78:CB	A:TYR:30:CZ
0	vdw	A:THR:26:CG2	A:TYR:30:CE2
0	vdw	A:ARG:34:NH1	A:CYS:75:CB
0	vdw	A:ALA:71:O	A:ARG:34:CD
0	vdw	A:ALA:71:O	A:ARG:34:NH1
0	vdw	A:ARG:34:NH1	A:ILE:72:N
0	vdw	A:ARG:34:NH1	A:ILE:72:C
0	vdw	A:ARG:34:NH1	A:ILE:72:O
0	vdw	A:ARG:34:NH1	A:PRO:70:O
0	vdw	A:ALA:71:C	A:ARG:34:NH1
0	vdw	A:ALA:73:O	A:ARG:34:NH1
0	vdw	A:ALA:73:O	A:ARG:34:NH2
0	vdw	A:ALA:73:O	A:ARG:34:CZ
0	vdw	A:ARG:81:N	A:GLU:77:O
0	vdw	A:ARG:81:CA	A:GLU:77:O
0	vdw	A:ARG:81:CB	A:GLU:77:O
0	vdw	A:ALA:78:N	A:ARG:76:C
0	vdw	A:ALA:78:N	A:ARG:76:O
0	vdw	A:CYS:75:C	A:GLU:77:N
0	vdw	A:ALA:78:N	A:CYS:75:SG
0	vdw	A:CYS:75:O	A:GLU:77:N
0	vdw	A:GLU:77:C	A:ILE:79:N
0	vdw	A:ALA:78:N	A:CYS:75:O
0	vdw	A:ARG:76:O	A:LYS:80:N
0	vdw	A:ARG:76:O	A:LYS:80:CB
0	vdw	A:ALA:73:C	A:CYS:75:N
0	vdw	A:ALA:73:O	A:CYS:75:N
0	vdw	A:GLY:74:C	A:LEU:124:CD2
0	vdw	A:ARG:34:CZ	A:CYS:75:CB
0	vdw	A:CYS:75:N	A:ILE:72:O
0	vdw	A:CYS:75:CA	A:ILE:72:O
0	vdw	A:CYS:75:CB	A:ILE:72:O
0	vdw	A:ALA:78:CB	A:CYS:75:CB
0	vdw	A:ALA:78:CB	A:CYS:75:SG
0	vdw	A:ALA:120:O	A:ASN:109:ND2
0	vdw	A:ASN:109:ND2	A:GLY:122:N
0	vdw	A:ASN:109:ND2	A:GLY:122:CA
0	vdw	A:ALA:120:O	A:GLY:122:N
0	vdw	A:GLU:139:CD	A:LYS:80:NZ
0	vdw	A:GLU:139:OE1	A:LYS:80:NZ
0	vdw	A:GLU:139:OE2	A:LYS:80:NZ
0	vdw	A:ARG:76:CA	A:LEU:132:CD1
0	vdw	A:ASN:109:CG	A:GLY:122:CA
0	vdw	A:ASN:109:OD1	A:LEU:124:N
0	vdw	A:ASN:109:OD1	A:LEU:124:CB
0	vdw	A:ASN:109:CG	A:GLY:74:CA
0	vdw	A:ASN:109:O	A:GLU:121:C
0	vdw	A:ASN:109:O	A:GLY:122:N
0	vdw	A:GLY:122:C	A:SER:110:CB
0	vdw	A:ALA:120:C	A:GLY:122:N
0	vdw	A:GLU:121:CA	A:ILE:115:CD1
0	vdw	A:GLU:121:CB	A:ILE:115:CD1
0	vdw	A:ASN:109:O	A:GLU:121:CA
0	vdw	A:ARG:76:NH1	A:GLU:128:OE1
0	vdw	A:ARG:76:NH2	A:GLU:128:OE1
0	vdw	A:ARG:76:CZ	A:GLU:128:OE1
0	vdw	A:ARG:76:NE	A:ASP:123:OD1
0	vdw	A:ARG:76:NH2	A:ASP:123:C
0	vdw	A:ARG:76:NH2	A:ASP:123:O
0	vdw	A:ARG:76:NH2	A:ASP:123:OD1
0	vdw	A:ARG:76:CZ	A:ASP:123:OD1
0	vdw	A:ARG:76:NH2	A:LEU:124:CA
0	vdw	A:ARG:76:NH1	A:GLU:128:CD
0	vdw	A:ARG:76:NH2	A:GLU:128:CD
0	vdw	A:ARG:76:NH1	A:LEU:124:CD1
0	vdw	A:ARG:76:CZ	A:LEU:124:CD1
0	vdw	A:ASP:123:O	A:THR:125:N
0	vdw	A:ASP:123:CA	A:SER:110:CB
0	vdw	A:ASP:123:C	A:SER:110:CB
0	vdw	A:LEU:124:N	A:SER:110:CB
0	vdw	A:ASP:123:O	A:GLU:128:OE2
0	vdw	A:GLY:122:O	A:SER:110:CB
0	vdw	A:GLY:122:O	A:SER:110:OG
0	vdw	A:GLY:45:N	A:THR:42:OG1
0	vdw	A:GLY:45:CA	A:THR:42:OG1
0	vdw	A:ALA:40:C	A:THR:42:N
0	vdw	A:LEU:28:CD1	A:THR:42:C
0	vdw	A:LEU:28:CD1	A:THR:42:O
0	vdw	A:ALA:43:N	A:LEU:28:CD1
0	vdw	A:ALA:43:CA	A:LEU:28:CD1
0	vdw	A:GLU:44:N	A:THR:42:C
0	vdw	A:GLU:44:N	A:THR:42:O
0	vdw	A:GLY:45:N	A:THR:42:O
0	vdw	A:LEU:46:N	A:THR:42:O
0	vdw	A:LEU:46:CB	A:THR:42:O
0	vdw	A:ALA:40:CB	A:GLY:45:CA
0	vdw	A:ALA:40:CB	A:GLY:45:C
0	vdw	A:ALA:40:CB	A:GLY:45:O
0	vdw	A:ALA:40:CB	A:LEU:46:N
0	vdw	A:ALA:40:CB	A:LEU:46:CA
0	vdw	A:ALA:40:N	A:LEU:38:C
0	vdw	A:ALA:40:N	A:LEU:38:O
0	vdw	A:ALA:43:CB	A:GLU:25:OE1
0	vdw	A:ALA:40:O	A:LEU:28:CD2
0	vdw	A:LEU:28:CG	A:PRO:24:O
0	vdw	A:LEU:28:CD1	A:PRO:24:O
0	vdw	A:ALA:40:O	A:LEU:38:CB
0	vdw	A:PRO:24:C	A:THR:26:N
0	vdw	A:GLU:25:C	A:ILE:27:N
0	vdw	A:GLU:25:O	A:LEU:28:N
0	vdw	A:PRO:24:O	A:THR:26:N
0	vdw	A:GLU:25:N	A:LYS:23:C
0	vdw	A:GLU:25:N	A:LYS:23:O
0	vdw	A:LYS:23:O	A:THR:26:N
0	vdw	A:ILE:27:N	A:PRO:24:O
0	vdw	A:ILE:27:CB	A:PRO:24:O
0	vdw	A:LEU:28:N	A:PRO:24:O
0	vdw	A:LEU:28:N	A:THR:26:C
0	vdw	A:LEU:28:N	A:THR:26:O
0	vdw	A:ILE:27:N	A:LYS:23:O
0	vdw	A:ILE:27:CB	A:LEU:46:CD2
0	vdw	A:ILE:27:O	A:LEU:38:CD1
0	vdw	A:ILE:27:CG2	A:LEU:38:CD2
0	vdw	A:ILE:27:CG2	A:TYR:68:CB
0	vdw	A:ILE:27:CG2	A:LEU:46:CD2
0	vdw	A:LEU:38:CD2	A:TYR:67:O
0	vdw	A:GLU:85:CD	A:THR:26:OG1
0	vdw	A:GLU:85:OE1	A:THR:26:OG1
0	vdw	A:GLU:85:OE2	A:THR:26:CB
0	vdw	A:GLU:85:OE2	A:THR:26:CG2
0	vdw	A:GLU:85:OE2	A:THR:26:OG1
0	vdw	A:ARG:81:CG	A:GLU:85:CD
0	vdw	A:ARG:81:CG	A:GLU:85:OE1
0	vdw	A:GLU:85:OE2	A:LYS:23:CD
0	vdw	A:LYS:23:O	A:THR:26:CA
0	vdw	A:LYS:23:O	A:THR:26:CB
0	vdw	A:ALA:71:CA	A:TYR:68:O
0	vdw	A:ALA:71:CB	A:TYR:68:O
0	vdw	A:ALA:71:N	A:MET:69:C
0	vdw	A:ALA:71:N	A:MET:69:O
0	vdw	A:ALA:71:N	A:TYR:68:O
0	vdw	A:ASP:143:CG	A:TYR:84:OH
0	vdw	A:ASP:143:OD2	A:TYR:84:OH
0	vdw	A:PHE:144:CE2	A:TYR:84:OH
0	vdw	A:PHE:144:CZ	A:TYR:84:OH
0	vdw	A:PHE:144:CE2	A:TYR:84:CE1
0	vdw	A:PHE:144:CZ	A:TYR:84:CE1
0	vdw	A:ARG:81:O	A:GLU:85:CG
0	vdw	A:ARG:81:O	A:TYR:84:CB
0	vdw	A:ARG:81:O	A:GLU:85:N
0	vdw	A:ARG:81:O	A:GLU:85:CB
0	vdw	A:ARG:81:O	A:TYR:84:N
0	vdw	A:ARG:81:O	A:TYR:84:CA
0	vdw	A:GLU:85:CG	A:LYS:23:NZ
0	vdw	A:ALA:83:N	A:ARG:81:O
0	vdw	A:ALA:78:O	A:ARG:81:CA
0	vdw	A:ALA:78:O	A:ARG:81:C
0	vdw	A:ALA:78:O	A:ARG:81:CB
0	vdw	A:ALA:78:O	A:ILE:82:N
0	vdw	A:ILE:82:N	A:LYS:80:C
0	vdw	A:ALA:83:N	A:ARG:81:C
0	vdw	A:ALA:78:CA	A:CYS:75:O
0	vdw	A:ALA:78:CB	A:CYS:75:O
0	vdw	A:ALA:78:O	A:ILE:82:CG1
0	vdw	A:ALA:78:O	A:ILE:82:CG2
0	vdw	A:ILE:72:N	A:PRO:70:O
0	vdw	A:GLY:74:N	A:ILE:72:O
0	vdw	A:ILE:72:N	A:MET:69:O
0	vdw	A:ILE:72:CA	A:MET:69:O
0	vdw	A:ILE:72:C	A:MET:69:O
0	vdw	A:ALA:73:N	A:MET:69:O
0	vdw	A:ILE:72:N	A:PRO:70:C
0	vdw	A:GLN:119:N	A:TRP:117:O
0	vdw	A:GLN:119:CG	A:PRO:116:O
0	vdw	A:GLN:119:N	A:TRP:117:C
0	vdw	A:GLN:119:N	A:PRO:116:O
0	vdw	A:ASP:143:OD2	A:TYR:84:CE2
0	vdw	A:ASP:143:OD2	A:TYR:84:CZ
0	vdw	A:ASP:143:CG	A:GLU:139:O
0	vdw	A:GLU:139:CB	A:TYR:84:CD2
0	vdw	A:GLY:140:N	A:TYR:84:CD2
0	vdw	A:GLY:140:CA	A:TYR:84:CD2
0	vdw	A:GLU:139:C	A:TYR:84:CD2
0	vdw	A:GLU:139:C	A:TYR:84:CE2
0	vdw	A:PHE:144:CE2	A:TYR:84:CZ
0	vdw	A:PHE:144:CZ	A:TYR:84:CZ
0	vdw	A:ALA:78:C	A:LYS:80:N
0	vdw	A:ARG:81:N	A:ILE:79:C
0	vdw	A:ALA:83:N	A:LYS:80:O
0	vdw	A:ALA:83:CB	A:LYS:80:O
0	vdw	A:ARG:81:N	A:ILE:79:O
0	vdw	A:ALA:78:O	A:LYS:80:N
0	vdw	A:ALA:78:O	A:ARG:81:N
0	vdw	A:LYS:80:O	A:TYR:84:N
0	vdw	A:GLY:136:CA	A:LYS:80:O
0	vdw	A:CYS:75:O	A:ILE:79:N
0	vdw	A:CYS:75:O	A:ILE:79:CB
0	vdw	A:CYS:75:O	A:ILE:79:CG1
0	vdw	A:CYS:75:O	A:ILE:79:CD1
0	vdw	A:ILE:79:CD1	A:LEU:124:CD2
0	vdw	A:ILE:79:CD1	A:LEU:107:O
0	vdw	A:ALA:73:C	A:GLN:119:NE2
0	vdw	A:ALA:73:O	A:GLN:119:NE2
0	vdw	A:GLN:119:NE2	A:GLY:74:N
0	vdw	A:GLN:119:NE2	A:GLY:74:CA
0	vdw	A:ALA:73:CA	A:LEU:107:O
0	vdw	A:ALA:73:C	A:LEU:107:O
0	vdw	A:GLY:74:N	A:LEU:107:O
0	vdw	A:ALA:73:CB	A:GLN:119:NE2
0	vdw	A:ASN:109:CB	A:GLN:119:NE2
0	vdw	A:GLN:119:CB	A:ILE:115:CG2
0	vdw	A:GLN:119:CB	A:PRO:116:O
0	vdw	A:GLN:119:CD	A:PRO:116:O
0	vdw	A:GLN:119:OE1	A:PRO:116:O
0	vdw	A:ALA:73:CB	A:GLN:119:CD
0	vdw	A:ALA:73:CB	A:GLN:119:OE1
0	vdw	A:GLN:119:OE1	A:TRP:117:CD1
0	vdw	A:ALA:108:O	A:GLN:119:OE1
0	vdw	A:GLN:119:O	A:ILE:115:CG2
0	vdw	A:GLU:139:CD	A:LYS:80:CE
0	vdw	A:GLU:139:OE1	A:LYS:80:CE
0	vdw	A:GLU:139:OE2	A:LYS:80:CE
0	vdw	A:GLN:135:O	A:GLU:139:CB
0	vdw	A:GLN:135:O	A:GLU:139:CG
0	vdw	A:GLN:135:CB	A:LYS:80:CE
0	vdw	A:LEU:132:O	A:LYS:80:CG
0	vdw	A:LEU:132:CA	A:VAL:129:O
0	vdw	A:LEU:124:CD1	A:LEU:132:CD1
0	vdw	A:GLU:128:O	A:LEU:132:CB
0	vdw	A:GLU:128:O	A:LEU:132:CG
0	vdw	A:GLU:128:O	A:LEU:132:CD1
0	vdw	A:ILE:79:CG2	A:LEU:132:CB
0	vdw	A:LEU:132:CB	A:VAL:129:O
0	vdw	A:GLU:128:CB	A:LEU:124:CD1
0	vdw	A:GLY:74:CA	A:LEU:124:CD2
0	vdw	A:ASN:109:N	A:LEU:124:O
0	vdw	A:LEU:124:O	A:SER:110:N
0	vdw	A:ALA:108:CA	A:LEU:124:O
0	vdw	A:ALA:108:C	A:LEU:124:O
0	vdw	A:ALA:108:CB	A:LEU:124:O
0	vdw	A:ASN:109:O	A:GLU:121:CD
0	vdw	A:ASN:109:O	A:GLU:121:OE2
0	vdw	A:GLU:121:OE2	A:ILE:115:CG1
0	vdw	A:GLU:121:OE2	A:ILE:115:CD1
0	vdw	A:ILE:115:CG1	A:VAL:112:O
0	vdw	A:ALA:131:O	A:GLN:135:CB
0	vdw	A:ALA:131:O	A:GLN:135:CG
0	vdw	A:GLN:135:CB	A:LEU:132:O
0	vdw	A:ALA:131:O	A:GLN:135:CD
0	vdw	A:GLU:128:C	A:VAL:130:N
0	vdw	A:GLU:128:O	A:VAL:130:N
0	vdw	A:ALA:131:N	A:GLU:128:O
0	vdw	A:GLU:128:O	A:LEU:132:N
0	vdw	A:ALA:131:CB	A:GLU:128:O
0	vdw	A:ALA:131:CA	A:GLU:128:O
0	vdw	A:GLU:128:OE2	A:THR:125:N
0	vdw	A:GLU:128:OE2	A:THR:125:CA
0	vdw	A:GLU:128:OE2	A:THR:125:CB
0	vdw	A:GLU:128:CA	A:THR:125:O
0	vdw	A:GLU:128:CB	A:THR:125:O
0	vdw	A:GLU:128:OE2	A:THR:125:CG2
0	vdw	A:GLU:128:OE2	A:THR:125:OG1
0	vdw	A:SER:110:O	A:THR:125:CA
0	vdw	A:GLU:121:CD	A:SER:110:CA
0	vdw	A:GLU:121:OE1	A:SER:110:CA
0	vdw	A:GLU:121:OE1	A:SER:110:CB
0	vdw	A:GLU:121:OE1	A:SER:110:OG
0	vdw	A:GLU:121:OE1	A:LYS:111:N
0	vdw	A:SER:110:C	A:VAL:112:N
0	vdw	A:SER:110:O	A:VAL:112:N
0	vdw	A:PRO:126:CD	A:SER:110:O
0	vdw	A:GLU:128:CG	A:THR:125:OG1
0	vdw	A:GLU:128:CD	A:THR:125:OG1
0	vdw	A:LYS:111:CD	A:THR:125:CG2
0	vdw	A:GLU:128:N	A:THR:125:OG1
0	vdw	A:ALA:43:C	A:GLY:45:N
0	vdw	A:ALA:43:O	A:GLY:45:N
0	vdw	A:ALA:43:O	A:LEU:47:N
0	vdw	A:GLU:44:O	A:LEU:47:N
0	vdw	A:ALA:43:O	A:LEU:46:N
0	vdw	A:ALA:43:O	A:LEU:46:CA
0	vdw	A:GLU:44:C	A:LEU:46:N
0	vdw	A:GLU:44:O	A:LEU:46:N
0	vdw	A:GLY:45:C	A:LEU:47:N
0	vdw	A:ALA:43:O	A:LEU:47:CB
0	vdw	A:GLU:44:O	A:LEU:47:CB
0	vdw	A:ASN:48:N	A:GLU:44:O
0	vdw	A:ALA:43:O	A:LEU:46:CB
0	vdw	A:ALA:43:O	A:LEU:47:CG
0	vdw	A:ASN:48:CG	A:GLU:44:O
0	vdw	A:ASN:48:ND2	A:GLU:44:O
0	vdw	A:ASN:48:CB	A:GLU:44:O
0	vdw	A:GLY:45:O	A:VAL:49:CG2
0	vdw	A:GLY:45:O	A:VAL:49:N
0	vdw	A:ASN:48:N	A:GLY:45:O
0	vdw	A:ASN:48:N	A:LEU:46:C
0	vdw	A:ASN:48:CB	A:GLY:45:O
0	vdw	A:LEU:47:CG	A:PRO:24:CG
0	vdw	A:LEU:47:CD2	A:PRO:24:CG
0	vdw	A:ILE:50:CD1	A:LEU:46:CG
0	vdw	A:ILE:50:CD1	A:LEU:46:CD1
0	vdw	A:LEU:46:CD1	A:PRO:39:CG
0	vdw	A:LEU:46:CD1	A:PRO:39:CD
0	vdw	A:ILE:50:CD1	A:TYR:68:CB
0	vdw	A:ILE:50:CD1	A:TYR:68:CD1
0	vdw	A:PRO:39:CD	A:TYR:67:O
0	vdw	A:PRO:39:CG	A:TYR:67:CD1
0	vdw	A:PRO:39:CB	A:VAL:49:CG1
0	vdw	A:PRO:39:CG	A:VAL:49:CG1
0	vdw	A:GLU:88:OE1	A:LYS:92:CE
0	vdw	A:GLU:88:OE1	A:LYS:92:NZ
0	vdw	A:GLU:88:CG	A:LYS:92:CE
0	vdw	A:GLU:88:CG	A:LYS:92:NZ
0	vdw	A:GLU:88:CD	A:LYS:92:NZ
0	vdw	A:LYS:23:CG	A:MET:89:SD
0	vdw	A:ILE:22:O	A:PRO:24:N
0	vdw	A:ILE:22:O	A:PRO:24:CD
0	vdw	A:ILE:27:CD1	A:TYR:68:CB
0	vdw	A:ILE:22:CG2	A:ILE:27:CG1
0	vdw	A:ILE:27:CD1	A:LEU:298:CD2
0	vdw	A:ILE:27:CD1	A:TYR:68:CD2
0	vdw	A:ASP:66:O	A:TYR:68:N
0	vdw	A:ASP:66:C	A:TYR:68:N
0	vdw	A:PHE:65:O	A:TYR:68:N
0	vdw	A:ASP:66:O	A:PRO:70:CG
0	vdw	A:GLU:88:OE2	A:LYS:23:NZ
0	vdw	A:GLU:85:CB	A:LYS:23:NZ
0	vdw	A:LYS:23:CE	A:MET:89:CG
0	vdw	A:LYS:23:CE	A:MET:89:SD
0	vdw	A:ILE:22:CD1	A:ILE:82:CD1
0	vdw	A:ASP:19:O	A:ILE:22:CD1
0	vdw	A:PRO:70:N	A:TYR:68:O
0	vdw	A:PRO:70:N	A:TYR:68:C
0	vdw	A:PRO:70:CD	A:TYR:68:C
0	vdw	A:MET:69:CB	A:TRP:117:NE1
0	vdw	A:MET:69:N	A:PHE:65:O
0	vdw	A:MET:69:CB	A:PHE:65:O
0	vdw	A:MET:69:CB	A:TRP:117:CD2
0	vdw	A:MET:69:CB	A:TRP:117:CE2
0	vdw	A:MET:69:CB	A:TRP:117:CZ2
0	vdw	A:ASP:66:O	A:PRO:70:CD
0	vdw	A:GLU:88:CB	A:PHE:144:CE2
0	vdw	A:GLU:88:CB	A:PHE:144:CZ
0	vdw	A:GLY:140:O	A:PHE:144:CG
0	vdw	A:GLY:140:O	A:PHE:144:CD2
0	vdw	A:GLY:140:CA	A:PHE:144:CD2
0	vdw	A:GLY:140:C	A:PHE:144:CD2
0	vdw	A:GLU:88:N	A:PHE:144:CD2
0	vdw	A:GLU:88:CA	A:PHE:144:CD2
0	vdw	A:GLU:88:CA	A:PHE:144:CE2
0	vdw	A:GLU:88:CG	A:PHE:144:CE1
0	vdw	A:GLU:88:CG	A:PHE:144:CZ
0	vdw	A:PHE:86:N	A:TYR:84:O
0	vdw	A:GLU:85:O	A:GLU:88:CB
0	vdw	A:GLU:88:N	A:TYR:84:O
0	vdw	A:TYR:84:O	A:VAL:87:N
0	vdw	A:TYR:84:O	A:VAL:87:CB
0	vdw	A:PHE:86:N	A:TYR:84:C
0	vdw	A:GLU:85:N	A:ILE:82:O
0	vdw	A:ILE:82:O	A:PHE:86:N
0	vdw	A:ALA:83:C	A:GLU:85:N
0	vdw	A:ALA:83:O	A:PHE:86:N
0	vdw	A:GLU:85:C	A:VAL:87:N
0	vdw	A:GLU:85:O	A:GLU:88:N
0	vdw	A:GLU:85:O	A:GLU:88:CA
0	vdw	A:GLU:85:O	A:MET:89:CB
0	vdw	A:GLU:85:O	A:MET:89:CG
0	vdw	A:GLU:85:O	A:MET:89:N
0	vdw	A:ILE:82:O	A:LEU:18:CD1
0	vdw	A:ILE:22:CG2	A:ILE:82:CG2
0	vdw	A:ILE:82:O	A:PHE:86:CA
0	vdw	A:ILE:82:O	A:PHE:86:CB
0	vdw	A:ILE:72:CG2	A:ILE:82:CD1
0	vdw	A:ALA:73:CB	A:MET:69:O
0	vdw	A:LEU:106:O	A:TRP:117:NE1
0	vdw	A:ASP:143:N	A:GLY:140:O
0	vdw	A:GLY:140:O	A:PHE:144:N
0	vdw	A:ARG:142:N	A:GLY:140:O
0	vdw	A:ASP:143:N	A:GLU:139:O
0	vdw	A:ASP:143:CB	A:GLU:139:O
0	vdw	A:ARG:142:C	A:PHE:144:N
0	vdw	A:GLY:140:O	A:PHE:144:CA
0	vdw	A:GLY:140:O	A:VAL:87:CG1
0	vdw	A:ASP:143:N	A:GLU:141:C
0	vdw	A:ASP:143:N	A:GLU:141:O
0	vdw	A:GLY:140:O	A:PHE:144:CB
0	vdw	A:GLN:138:C	A:GLY:140:N
0	vdw	A:GLY:140:CA	A:VAL:87:CB
0	vdw	A:GLY:140:C	A:VAL:87:CG1
0	vdw	A:GLY:136:O	A:GLY:140:N
0	vdw	A:GLY:140:N	A:LEU:137:O
0	vdw	A:GLY:140:CA	A:LEU:137:O
0	vdw	A:GLY:140:C	A:LEU:137:O
0	vdw	A:ALA:83:C	A:GLY:136:C
0	vdw	A:GLY:136:C	A:TYR:84:N
0	vdw	A:GLY:136:O	A:TYR:84:CA
0	vdw	A:ALA:83:O	A:LEU:137:CD2
0	vdw	A:ILE:82:C	A:TYR:84:N
0	vdw	A:ALA:83:O	A:VAL:87:CG2
0	vdw	A:ALA:83:O	A:PHE:86:CB
0	vdw	A:ALA:83:O	A:VAL:87:N
0	vdw	A:ALA:83:N	A:ILE:79:O
0	vdw	A:ALA:83:CB	A:ILE:79:O
0	vdw	A:ALA:83:CB	A:VAL:133:CA
0	vdw	A:ALA:83:CB	A:VAL:133:O
0	vdw	A:ILE:79:O	A:ILE:82:CG1
0	vdw	A:ALA:83:CA	A:LEU:18:CD1
0	vdw	A:LEU:107:CB	A:VAL:129:CG1
0	vdw	A:LEU:107:CD1	A:VAL:129:CG1
0	vdw	A:LEU:107:CD2	A:MET:69:CE
0	vdw	A:ALA:73:CB	A:LEU:106:O
0	vdw	A:LEU:107:N	A:PRO:104:O
0	vdw	A:HIS:105:C	A:LEU:107:N
0	vdw	A:HIS:105:O	A:LEU:107:N
0	vdw	A:ALA:73:CB	A:TRP:117:CD1
0	vdw	A:LEU:106:O	A:TRP:117:CD1
0	vdw	A:PRO:116:CD	A:VAL:112:CG1
0	vdw	A:ASN:118:N	A:PRO:116:C
0	vdw	A:ASN:118:N	A:PRO:116:O
0	vdw	A:LEU:106:CA	A:PRO:116:CG
0	vdw	A:PRO:114:O	A:PRO:116:N
0	vdw	A:PRO:114:O	A:PRO:116:CD
0	vdw	A:HIS:105:O	A:PRO:116:CG
0	vdw	A:ARG:142:N	A:GLU:139:O
0	vdw	A:ARG:142:CB	A:GLU:139:O
0	vdw	A:ARG:142:N	A:GLN:138:O
0	vdw	A:ARG:142:CB	A:GLN:138:O
0	vdw	A:ARG:142:N	A:GLY:140:C
0	vdw	A:GLU:139:N	A:LEU:137:C
0	vdw	A:GLN:135:O	A:GLN:138:N
0	vdw	A:GLN:138:N	A:GLY:136:C
0	vdw	A:GLN:135:O	A:GLU:139:N
0	vdw	A:GLU:139:N	A:GLY:136:O
0	vdw	A:GLN:138:O	A:GLU:141:N
0	vdw	A:GLU:139:N	A:LEU:137:O
0	vdw	A:GLU:139:C	A:GLU:141:N
0	vdw	A:GLN:138:N	A:GLY:134:O
0	vdw	A:GLN:135:C	A:LEU:137:N
0	vdw	A:GLN:135:O	A:LEU:137:N
0	vdw	A:GLY:136:N	A:LEU:132:O
0	vdw	A:GLY:136:N	A:VAL:133:O
0	vdw	A:GLY:136:CA	A:VAL:133:O
0	vdw	A:GLY:136:C	A:VAL:133:O
0	vdw	A:LEU:137:N	A:VAL:133:O
0	vdw	A:GLY:134:C	A:GLY:136:N
0	vdw	A:GLY:134:O	A:GLY:136:N
0	vdw	A:GLY:134:O	A:LEU:137:N
0	vdw	A:VAL:129:O	A:VAL:133:N
0	vdw	A:VAL:129:O	A:VAL:133:CB
0	vdw	A:GLY:134:N	A:LEU:132:C
0	vdw	A:VAL:130:O	A:VAL:133:N
0	vdw	A:ALA:131:C	A:VAL:133:N
0	vdw	A:TYR:102:OH	A:VAL:133:CB
0	vdw	A:TYR:102:CZ	A:VAL:133:CB
0	vdw	A:LEU:137:CB	A:VAL:133:O
0	vdw	A:LEU:137:CG	A:VAL:133:O
0	vdw	A:ILE:79:CG2	A:VAL:133:CG2
0	vdw	A:VAL:129:O	A:VAL:133:CG2
0	vdw	A:ALA:131:N	A:VAL:129:O
0	vdw	A:LEU:132:N	A:VAL:129:O
0	vdw	A:TYR:102:CZ	A:VAL:133:CG2
0	vdw	A:LEU:18:CD2	A:VAL:133:CG2
0	vdw	A:PRO:126:O	A:VAL:129:CB
0	vdw	A:THR:125:O	A:VAL:129:CG2
0	vdw	A:PRO:104:O	A:VAL:129:CG2
0	vdw	A:LEU:107:C	A:VAL:129:CG2
0	vdw	A:ALA:108:CB	A:THR:125:C
0	vdw	A:ALA:108:CB	A:PRO:126:N
0	vdw	A:ALA:108:CB	A:PRO:126:CG
0	vdw	A:ALA:108:CB	A:PRO:126:CD
0	vdw	A:ALA:108:N	A:PRO:104:O
0	vdw	A:ALA:108:N	A:HIS:105:O
0	vdw	A:ALA:108:CB	A:PRO:104:O
0	vdw	A:ALA:108:CB	A:HIS:105:O
0	vdw	A:ALA:108:O	A:PRO:116:CD
0	vdw	A:ALA:108:N	A:LEU:106:C
0	vdw	A:GLN:138:CB	A:GLY:134:O
0	vdw	A:GLN:138:CG	A:GLY:134:O
0	vdw	A:GLN:138:CD	A:GLY:134:O
0	vdw	A:GLN:138:CG	A:THR:176:CG2
0	vdw	A:ALA:131:O	A:GLN:135:N
0	vdw	A:GLN:135:N	A:LEU:132:O
0	vdw	A:GLN:135:N	A:VAL:133:C
0	vdw	A:GLN:135:N	A:VAL:133:O
0	vdw	A:GLY:134:N	A:VAL:130:O
0	vdw	A:GLY:134:CA	A:VAL:130:O
0	vdw	A:ALA:131:O	A:GLY:134:N
0	vdw	A:LEU:132:N	A:VAL:130:O
0	vdw	A:GLY:134:CA	A:THR:176:OG1
0	vdw	A:GLY:134:CA	A:THR:176:CG2
0	vdw	A:ALA:131:N	A:VAL:129:C
0	vdw	A:LEU:132:N	A:VAL:130:C
0	vdw	A:PRO:126:O	A:VAL:130:N
0	vdw	A:ASP:127:O	A:VAL:130:N
0	vdw	A:ASP:127:O	A:VAL:130:CA
0	vdw	A:ALA:131:N	A:ASP:127:O
0	vdw	A:TYR:102:OH	A:VAL:130:CA
0	vdw	A:ASP:127:N	A:THR:125:O
0	vdw	A:GLU:128:N	A:THR:125:O
0	vdw	A:THR:125:O	A:VAL:129:N
0	vdw	A:GLU:128:N	A:PRO:126:C
0	vdw	A:PRO:126:O	A:VAL:129:N
0	vdw	A:ASP:127:N	A:THR:125:C
0	vdw	A:ASP:127:C	A:VAL:129:N
0	vdw	A:PRO:126:O	A:VAL:130:CG2
0	vdw	A:PRO:104:CB	A:PRO:126:O
0	vdw	A:HIS:105:CD2	A:PRO:126:CG
0	vdw	A:LYS:111:O	A:LYS:164:NZ
0	vdw	A:GLN:175:OE1	A:TYR:172:CD1
0	vdw	A:ASP:127:O	A:TYR:172:OH
0	vdw	A:ASP:127:CG	A:TYR:172:OH
0	vdw	A:ASP:127:OD1	A:TYR:172:OH
0	vdw	A:ASP:127:O	A:VAL:129:N
0	vdw	A:ASP:127:O	A:VAL:130:CB
0	vdw	A:ASP:127:CA	A:LEU:168:CD2
0	vdw	A:ASP:127:CB	A:LEU:168:CD2
0	vdw	A:ASP:127:OD2	A:LYS:171:CE
0	vdw	A:ASP:127:OD2	A:LYS:171:NZ
0	vdw	A:ASP:127:CG	A:LYS:171:NZ
0	vdw	A:ASP:127:OD1	A:LYS:171:NZ
0	vdw	A:ASP:127:OD2	A:LYS:171:CD
0	vdw	A:ASP:127:OD2	A:LEU:168:CD2
0	vdw	A:LEU:47:C	A:VAL:49:N
0	vdw	A:LEU:47:O	A:VAL:49:N
0	vdw	A:ASN:48:N	A:LEU:46:O
0	vdw	A:GLY:51:N	A:LEU:47:O
0	vdw	A:GLY:51:CA	A:LEU:47:O
0	vdw	A:LEU:46:O	A:VAL:49:N
0	vdw	A:GLY:51:N	A:VAL:49:C
0	vdw	A:LYS:64:NZ	A:VAL:49:O
0	vdw	A:LEU:298:CD1	A:LEU:47:CD2
0	vdw	A:ILE:50:N	A:LEU:46:O
0	vdw	A:ILE:50:CB	A:LEU:46:O
0	vdw	A:ILE:50:CG1	A:LEU:46:O
0	vdw	A:ILE:50:CG1	A:TYR:67:CB
0	vdw	A:LYS:64:O	A:TYR:67:CD2
0	vdw	A:LYS:64:CD	A:TYR:67:CE2
0	vdw	A:LYS:64:CA	A:TYR:67:CD2
0	vdw	A:LYS:92:CB	A:MET:89:O
0	vdw	A:ILE:22:O	A:LEU:298:CD1
0	vdw	A:ILE:22:O	A:LEU:298:CD2
0	vdw	A:LEU:298:CD2	A:TYR:68:CE2
0	vdw	A:LEU:298:CD2	A:TYR:68:CZ
0	vdw	A:GLY:20:C	A:LEU:298:CB
0	vdw	A:GLY:20:O	A:LEU:298:CB
0	vdw	A:ILE:50:CG2	A:TYR:68:CD1
0	vdw	A:ILE:50:CG2	A:TYR:68:CE1
0	vdw	A:LYS:64:O	A:TYR:68:CD1
0	vdw	A:LYS:64:O	A:TYR:68:CE1
0	vdw	A:PHE:65:CA	A:TYR:68:CE1
0	vdw	A:LYS:64:O	A:TYR:67:N
0	vdw	A:LYS:64:O	A:TYR:67:CB
0	vdw	A:ASP:66:N	A:LYS:64:C
0	vdw	A:ASP:66:N	A:LYS:64:O
0	vdw	A:PHE:65:C	A:TYR:67:N
0	vdw	A:PHE:65:O	A:TYR:67:N
0	vdw	A:ALA:63:O	A:ASP:66:CB
0	vdw	A:GLU:88:O	A:LYS:92:N
0	vdw	A:GLU:88:O	A:LYS:92:CG
0	vdw	A:LYS:90:O	A:LYS:92:N
0	vdw	A:LYS:92:N	A:MET:89:O
0	vdw	A:LYS:90:C	A:LYS:92:N
0	vdw	A:MET:89:N	A:VAL:87:C
0	vdw	A:MET:89:N	A:VAL:87:O
0	vdw	A:GLU:88:C	A:LYS:90:N
0	vdw	A:GLU:88:O	A:LYS:90:N
0	vdw	A:MET:89:N	A:PHE:86:C
0	vdw	A:MET:89:N	A:PHE:86:O
0	vdw	A:MET:89:CA	A:PHE:86:O
0	vdw	A:ALA:91:N	A:GLU:88:O
0	vdw	A:ALA:91:N	A:MET:89:C
0	vdw	A:MET:89:SD	A:SER:21:O
0	vdw	A:MET:89:CB	A:PHE:86:O
0	vdw	A:LEU:18:O	A:SER:21:CA
0	vdw	A:LEU:18:O	A:SER:21:C
0	vdw	A:ASP:19:O	A:ILE:22:CG1
0	vdw	A:ASP:19:O	A:TYR:68:CE2
0	vdw	A:ASP:19:O	A:TYR:68:OH
0	vdw	A:ASP:19:O	A:TYR:68:CZ
0	vdw	A:ILE:22:CG1	A:LEU:18:O
0	vdw	A:ASP:19:O	A:SER:21:N
0	vdw	A:PHE:65:CD1	A:TYR:68:OH
0	vdw	A:PHE:65:CE1	A:TYR:68:OH
0	vdw	A:ILE:299:CD1	A:TYR:68:OH
0	vdw	A:MET:69:CG	A:PHE:65:O
0	vdw	A:MET:69:CG	A:TRP:117:CZ2
0	vdw	A:ALA:63:O	A:ASP:66:N
0	vdw	A:ASP:66:OD1	A:TRP:117:CE3
0	vdw	A:ASP:66:OD1	A:TRP:117:CZ3
0	vdw	A:ALA:91:CB	A:PHE:144:CB
0	vdw	A:ALA:91:CB	A:VAL:87:O
0	vdw	A:ALA:91:CB	A:VAL:146:CG2
0	vdw	A:ALA:91:CB	A:GLU:88:O
0	vdw	A:GLU:88:N	A:PHE:86:C
0	vdw	A:GLU:88:N	A:PHE:86:O
0	vdw	A:ALA:91:N	A:VAL:87:O
0	vdw	A:LYS:90:N	A:VAL:87:O
0	vdw	A:LEU:18:CD1	A:PHE:86:CB
0	vdw	A:LEU:18:CD1	A:PHE:86:CG
0	vdw	A:LYS:90:CB	A:PHE:86:O
0	vdw	A:LYS:90:CG	A:PHE:86:O
0	vdw	A:LYS:90:N	A:PHE:86:O
0	vdw	A:GLY:20:N	A:LEU:18:C
0	vdw	A:GLY:20:N	A:LEU:18:O
0	vdw	A:ASP:19:N	A:HIS:17:C
0	vdw	A:LEU:18:C	A:SER:21:N
0	vdw	A:LEU:18:O	A:SER:21:N
0	vdw	A:ASP:19:C	A:SER:21:N
0	vdw	A:ASP:19:CB	A:MET:69:SD
0	vdw	A:ASP:19:CB	A:MET:69:CE
0	vdw	A:MET:69:CE	A:TRP:117:CZ2
0	vdw	A:LEU:106:CD2	A:TRP:117:CZ2
0	vdw	A:PHE:144:C	A:VAL:146:N
0	vdw	A:PHE:144:O	A:VAL:146:N
0	vdw	A:GLU:141:O	A:GLY:145:N
0	vdw	A:GLU:141:O	A:GLY:145:CA
0	vdw	A:LEU:137:CD2	A:VAL:87:CG2
0	vdw	A:GLU:141:N	A:VAL:87:CG1
0	vdw	A:VAL:146:CB	A:VAL:87:CG1
0	vdw	A:LEU:18:CD2	A:VAL:133:CG1
0	vdw	A:LEU:18:CB	A:VAL:100:CG2
0	vdw	A:LEU:106:N	A:PRO:104:C
0	vdw	A:LEU:106:N	A:PRO:104:O
0	vdw	A:LEU:106:CG	A:SER:103:CB
0	vdw	A:LEU:106:CD2	A:TRP:161:CZ3
0	vdw	A:GLN:158:NE2	A:PRO:114:CG
0	vdw	A:GLU:141:CA	A:LEU:137:O
0	vdw	A:GLU:141:CB	A:LEU:137:O
0	vdw	A:GLU:141:CD	A:LYS:147:CA
0	vdw	A:GLU:141:CA	A:VAL:146:O
0	vdw	A:GLU:141:CB	A:VAL:146:O
0	vdw	A:GLU:141:CG	A:VAL:146:O
0	vdw	A:GLU:141:N	A:LEU:137:O
0	vdw	A:ALA:148:N	A:GLU:141:OE2
0	vdw	A:ARG:149:NH1	A:GLU:141:OE2
0	vdw	A:GLU:141:OE2	A:LYS:147:CA
0	vdw	A:LEU:137:CD1	A:VAL:133:CG1
0	vdw	A:LEU:137:CD1	A:SER:150:CB
0	vdw	A:LEU:137:CD1	A:VAL:100:CG1
0	vdw	A:TYR:102:CE1	A:VAL:133:CG1
0	vdw	A:TYR:102:CZ	A:VAL:133:CG1
0	vdw	A:PRO:104:N	A:TYR:102:CD2
0	vdw	A:LEU:152:CD2	A:TYR:102:CE1
0	vdw	A:LEU:152:CD2	A:TYR:102:OH
0	vdw	A:LEU:152:CD2	A:TYR:102:CZ
0	vdw	A:HIS:105:N	A:SER:103:C
0	vdw	A:HIS:105:N	A:SER:103:O
0	vdw	A:LEU:106:N	A:SER:103:O
0	vdw	A:LEU:106:CB	A:SER:103:O
0	vdw	A:HIS:105:CB	A:TRP:161:CD2
0	vdw	A:HIS:105:CB	A:TRP:161:CE3
0	vdw	A:HIS:105:CB	A:TRP:161:CZ3
0	vdw	A:TRP:161:CE2	A:VAL:112:CG2
0	vdw	A:TRP:161:CZ2	A:VAL:112:CG2
0	vdw	A:PRO:114:O	A:VAL:112:CG2
0	vdw	A:PRO:114:O	A:TRP:161:CZ2
0	vdw	A:GLN:158:CG	A:TRP:161:CE2
0	vdw	A:GLN:158:CG	A:TRP:161:CH2
0	vdw	A:GLN:158:CG	A:TRP:161:CZ2
0	vdw	A:GLU:113:C	A:TRP:161:NE1
0	vdw	A:GLU:113:O	A:TRP:161:NE1
0	vdw	A:GLN:158:CD	A:PRO:114:CD
0	vdw	A:GLN:158:OE1	A:PRO:114:CD
0	vdw	A:ASN:160:ND2	A:GLU:113:O
0	vdw	A:GLN:158:NE2	A:PRO:114:CD
0	vdw	A:GLU:113:O	A:TRP:161:CD1
0	vdw	A:GLU:141:OE1	A:LYS:147:CD
0	vdw	A:SER:150:OG	A:THR:176:CB
0	vdw	A:SER:150:OG	A:THR:176:OG1
0	vdw	A:TYR:172:CG	A:VAL:130:CG1
0	vdw	A:TYR:172:CD2	A:VAL:130:CG1
0	vdw	A:TYR:172:CE2	A:VAL:130:CG1
0	vdw	A:LEU:152:CD1	A:VAL:130:CG2
0	vdw	A:PRO:104:CB	A:VAL:130:CG2
0	vdw	A:VAL:130:CG1	A:VAL:177:CG2
0	vdw	A:HIS:105:CG	A:TRP:161:CG
0	vdw	A:HIS:105:CG	A:TRP:161:CD2
0	vdw	A:HIS:105:CG	A:TRP:161:CE3
0	vdw	A:HIS:105:CD2	A:TRP:161:CB
0	vdw	A:HIS:105:CD2	A:TRP:161:CG
0	vdw	A:HIS:105:CD2	A:TRP:161:CD2
0	vdw	A:GLN:175:CA	A:TYR:172:O
0	vdw	A:GLN:175:CB	A:TYR:172:O
0	vdw	A:GLN:175:C	A:VAL:177:N
0	vdw	A:GLN:175:CD	A:TYR:172:CD1
0	vdw	A:GLN:175:NE2	A:TYR:172:CD1
0	vdw	A:TYR:172:CB	A:VAL:177:CB
0	vdw	A:LEU:168:O	A:TYR:172:CB
0	vdw	A:TYR:172:CB	A:VAL:177:CG2
0	vdw	A:LEU:168:O	A:TYR:172:CD2
0	vdw	A:LEU:168:CB	A:VAL:165:O
0	vdw	A:LEU:168:CB	A:LYS:164:O
0	vdw	A:LEU:168:CG	A:LYS:164:O
0	vdw	A:LEU:152:CD1	A:LEU:168:CB
0	vdw	A:CYS:169:O	A:TYR:172:N
0	vdw	A:LYS:170:C	A:TYR:172:N
0	vdw	A:LYS:170:O	A:TYR:172:N
0	vdw	A:GLU:167:O	A:LYS:171:CB
0	vdw	A:GLN:173:N	A:LYS:171:C
0	vdw	A:LEU:168:O	A:LYS:171:CA
0	vdw	A:LEU:168:O	A:LYS:171:CB
0	vdw	A:LEU:168:O	A:TYR:172:N
0	vdw	A:LYS:301:CE	A:MET:52:O
0	vdw	A:ASP:53:CB	A:LYS:301:NZ
0	vdw	A:ASP:53:OD2	A:LYS:301:NZ
0	vdw	A:ASP:53:CG	A:LYS:301:NZ
0	vdw	A:GLY:51:O	A:LYS:64:NZ
0	vdw	A:LYS:301:CA	A:PRO:297:O
0	vdw	A:LYS:301:C	A:PRO:297:O
0	vdw	A:LEU:298:O	A:LYS:301:N
0	vdw	A:ILE:299:C	A:LYS:301:N
0	vdw	A:ILE:299:O	A:LYS:301:N
0	vdw	A:GLY:51:CA	A:ILE:299:O
0	vdw	A:GLY:51:C	A:ILE:299:O
0	vdw	A:ILE:299:O	A:MET:52:N
0	vdw	A:ILE:299:O	A:MET:52:CG
0	vdw	A:ILE:50:O	A:LYS:64:CG
0	vdw	A:ILE:50:O	A:LYS:64:CD
0	vdw	A:ILE:50:O	A:LYS:64:CE
0	vdw	A:LYS:64:CG	A:PHE:61:O
0	vdw	A:GLU:93:OE1	A:THR:303:CA
0	vdw	A:GLU:93:OE1	A:THR:303:C
0	vdw	A:GLU:93:OE1	A:THR:303:CB
0	vdw	A:GLU:93:OE1	A:LEU:304:N
0	vdw	A:PRO:297:CB	A:SER:302:O
0	vdw	A:PRO:297:O	A:SER:302:O
0	vdw	A:ILE:299:N	A:PRO:297:C
0	vdw	A:PRO:297:CA	A:SER:302:OG
0	vdw	A:GLY:20:O	A:LEU:298:N
0	vdw	A:ASP:296:C	A:LEU:298:N
0	vdw	A:ASP:296:O	A:LEU:298:N
0	vdw	A:LYS:301:N	A:PRO:297:O
0	vdw	A:PRO:297:O	A:SER:302:N
0	vdw	A:GLY:20:O	A:LEU:298:CA
0	vdw	A:ASP:296:O	A:LEU:298:C
0	vdw	A:LEU:298:C	A:PHE:300:N
0	vdw	A:ASP:296:O	A:ILE:299:N
0	vdw	A:ASP:296:O	A:ILE:299:CA
0	vdw	A:ILE:299:CD1	A:PHE:65:CE2
0	vdw	A:ILE:299:CD1	A:PHE:65:CZ
0	vdw	A:ILE:299:CG2	A:PHE:61:CD2
0	vdw	A:ILE:299:CG2	A:PHE:61:CE2
0	vdw	A:ILE:299:CD1	A:PHE:61:CE2
0	vdw	A:ILE:299:CD1	A:PHE:65:CD2
0	vdw	A:ALA:63:C	A:PHE:65:N
0	vdw	A:ALA:63:O	A:PHE:65:N
0	vdw	A:LEU:62:O	A:LYS:64:N
0	vdw	A:LEU:62:O	A:PHE:65:N
0	vdw	A:LYS:64:N	A:PHE:61:O
0	vdw	A:LYS:64:CA	A:PHE:61:O
0	vdw	A:LYS:64:CB	A:PHE:61:O
0	vdw	A:LEU:62:C	A:LYS:64:N
0	vdw	A:ALA:63:N	A:PRO:59:O
0	vdw	A:ALA:63:N	A:ASP:60:O
0	vdw	A:ALA:63:CB	A:PRO:59:O
0	vdw	A:ALA:63:CB	A:ASP:60:O
0	vdw	A:ALA:63:N	A:PHE:61:C
0	vdw	A:ALA:63:N	A:PHE:61:O
0	vdw	A:GLU:93:N	A:LYS:90:O
0	vdw	A:GLU:93:CA	A:LYS:90:O
0	vdw	A:ALA:91:C	A:GLU:93:N
0	vdw	A:ALA:91:O	A:GLU:93:N
0	vdw	A:LYS:92:CA	A:MET:89:O
0	vdw	A:GLU:93:N	A:MET:89:O
0	vdw	A:GLY:94:N	A:LYS:90:O
0	vdw	A:ALA:91:O	A:GLY:94:N
0	vdw	A:ALA:91:O	A:GLY:94:CA
0	vdw	A:GLY:94:N	A:LYS:92:C
0	vdw	A:GLU:93:CB	A:LYS:90:O
0	vdw	A:LYS:90:O	A:VAL:95:N
0	vdw	A:LYS:90:O	A:VAL:95:CA
0	vdw	A:LYS:90:O	A:VAL:95:CB
0	vdw	A:LYS:90:O	A:VAL:95:CG2
0	vdw	A:GLU:93:CG	A:MET:89:O
0	vdw	A:GLU:93:OE2	A:LYS:90:CE
0	vdw	A:GLU:93:OE2	A:LYS:90:CD
0	vdw	A:GLU:93:OE2	A:LYS:90:NZ
0	vdw	A:GLU:93:CD	A:LEU:304:N
0	vdw	A:LYS:90:CE	A:PHE:86:CE2
0	vdw	A:LYS:90:CE	A:PHE:86:CZ
0	vdw	A:GLU:13:OE2	A:LYS:90:CE
0	vdw	A:PRO:297:CG	A:SER:21:OG
0	vdw	A:PRO:297:CD	A:SER:21:OG
0	vdw	A:GLY:20:O	A:PRO:297:CD
0	vdw	A:PRO:297:CD	A:THR:294:OG1
0	vdw	A:HIS:17:O	A:SER:21:CB
0	vdw	A:HIS:17:O	A:SER:21:OG
0	vdw	A:ASP:295:C	A:PRO:297:CD
0	vdw	A:ASP:295:O	A:PRO:297:CD
0	vdw	A:SER:21:OG	A:VAL:16:CG2
0	vdw	A:GLY:20:CA	A:HIS:17:O
0	vdw	A:GLY:20:C	A:HIS:17:O
0	vdw	A:HIS:17:O	A:SER:21:N
0	vdw	A:ASP:296:OD1	A:GLY:20:CA
0	vdw	A:ASP:296:CA	A:GLY:20:O
0	vdw	A:ASP:296:C	A:GLY:20:O
0	vdw	A:GLY:20:O	A:PRO:297:N
0	vdw	A:PHE:61:CZ	A:PHE:65:CE2
0	vdw	A:ASP:296:OD1	A:PHE:65:CZ
0	vdw	A:LEU:62:O	A:PHE:65:CB
0	vdw	A:LEU:62:O	A:PHE:65:CD2
0	vdw	A:ALA:91:CA	A:VAL:146:CG2
0	vdw	A:VAL:146:CG2	A:VAL:95:O
0	vdw	A:VAL:146:CG1	A:VAL:95:O
0	vdw	A:ALA:91:N	A:MET:89:O
0	vdw	A:LYS:90:CG	A:PHE:86:CZ
0	vdw	A:LYS:90:CG	A:PHE:86:CE1
0	vdw	A:GLU:13:OE2	A:LYS:90:CD
0	vdw	A:PHE:86:CE2	A:VAL:100:CG2
0	vdw	A:PHE:86:CZ	A:VAL:100:CB
0	vdw	A:PHE:86:CZ	A:VAL:100:CG2
0	vdw	A:PHE:86:CE2	A:VAL:16:CG2
0	vdw	A:PHE:86:CZ	A:VAL:16:CG1
0	vdw	A:PHE:86:CZ	A:VAL:98:CG2
0	vdw	A:PHE:86:CD2	A:SER:21:CB
0	vdw	A:GLY:20:N	A:HIS:17:C
0	vdw	A:GLY:20:N	A:HIS:17:O
0	vdw	A:ASP:19:OD1	A:HIS:17:CB
0	vdw	A:ARG:101:O	A:HIS:17:CA
0	vdw	A:ARG:101:O	A:HIS:17:C
0	vdw	A:ARG:101:O	A:LEU:18:N
0	vdw	A:ASP:296:OD1	A:HIS:17:CB
0	vdw	A:ALA:148:N	A:VAL:146:C
0	vdw	A:ALA:148:N	A:VAL:146:O
0	vdw	A:PHE:86:CE1	A:VAL:98:CG1
0	vdw	A:PHE:86:CE1	A:VAL:100:CB
0	vdw	A:PHE:86:CE1	A:VAL:100:CG2
0	vdw	A:PHE:86:CE1	A:VAL:98:CG2
0	vdw	A:LEU:18:N	A:VAL:100:CG2
0	vdw	A:LEU:18:CA	A:VAL:100:CG2
0	vdw	A:VAL:100:CA	A:VAL:16:O
0	vdw	A:VAL:100:C	A:VAL:16:O
0	vdw	A:VAL:100:CG2	A:VAL:16:O
0	vdw	A:ARG:101:C	A:ILE:151:O
0	vdw	A:ILE:151:O	A:TYR:102:N
0	vdw	A:CYS:153:SG	A:TYR:102:N
0	vdw	A:CYS:153:SG	A:TYR:102:C
0	vdw	A:CYS:153:CB	A:TYR:102:C
0	vdw	A:LEU:106:CD1	A:SER:103:CB
0	vdw	A:CYS:153:O	A:SER:103:CB
0	vdw	A:MET:155:CG	A:SER:103:OG
0	vdw	A:MET:155:SD	A:SER:103:CB
0	vdw	A:HIS:157:CE1	A:MET:155:CB
0	vdw	A:LYS:147:CB	A:TYR:97:CD2
0	vdw	A:LYS:147:N	A:VAL:96:O
0	vdw	A:LYS:147:CB	A:VAL:96:O
0	vdw	A:LYS:147:O	A:TYR:97:CD2
0	vdw	A:ALA:148:CA	A:VAL:98:O
0	vdw	A:ALA:148:C	A:VAL:98:O
0	vdw	A:LYS:147:O	A:TYR:97:CA
0	vdw	A:LYS:147:O	A:TYR:97:C
0	vdw	A:LYS:147:O	A:VAL:98:N
0	vdw	A:ARG:149:CA	A:THR:176:O
0	vdw	A:ARG:149:C	A:THR:176:O
0	vdw	A:ARG:149:N	A:VAL:98:O
0	vdw	A:ARG:149:O	A:VAL:98:O
0	vdw	A:ARG:149:O	A:GLU:99:CA
0	vdw	A:ARG:149:O	A:VAL:100:CG1
0	vdw	A:ARG:149:O	A:GLU:99:C
0	vdw	A:ARG:149:O	A:VAL:100:N
0	vdw	A:SER:150:CA	A:VAL:100:O
0	vdw	A:SER:150:C	A:VAL:100:O
0	vdw	A:SER:150:CB	A:VAL:100:O
0	vdw	A:ILE:151:N	A:VAL:100:O
0	vdw	A:LEU:152:CA	A:TYR:102:O
0	vdw	A:ARG:101:CA	A:ILE:151:O
0	vdw	A:PRO:104:CD	A:TYR:102:O
0	vdw	A:LEU:152:C	A:TYR:102:O
0	vdw	A:CYS:153:N	A:TYR:102:O
0	vdw	A:CYS:153:CB	A:TYR:102:O
0	vdw	A:CYS:153:SG	A:TYR:102:O
0	vdw	A:CYS:153:O	A:SER:103:OG
0	vdw	A:GLN:158:CB	A:TRP:161:CD2
0	vdw	A:GLN:158:CG	A:TRP:161:CD2
0	vdw	A:GLN:158:CB	A:TRP:161:CE3
0	vdw	A:GLN:158:CG	A:TRP:161:CE3
0	vdw	A:GLN:158:CG	A:TRP:161:CZ3
0	vdw	A:ASN:160:OD1	A:GLN:158:CB
0	vdw	A:ASN:160:OD1	A:GLN:158:OE1
0	vdw	A:ARG:149:NH1	A:LYS:147:CD
0	vdw	A:ARG:149:NH2	A:LYS:147:CD
0	vdw	A:ARG:149:CZ	A:LYS:147:CD
0	vdw	A:GLU:339:OE2	A:LYS:147:CD
0	vdw	A:GLU:339:OE2	A:LYS:147:CE
0	vdw	A:GLU:339:OE2	A:LYS:147:NZ
0	vdw	A:ARG:149:NH2	A:GLU:339:OE2
0	vdw	A:ARG:149:NH2	A:GLU:339:CD
0	vdw	A:ARG:149:CD	A:THR:176:O
0	vdw	A:SER:150:OG	A:THR:176:C
0	vdw	A:SER:150:OG	A:THR:176:O
0	vdw	A:ARG:149:CD	A:VAL:178:CG1
0	vdw	A:ARG:149:CB	A:THR:176:O
0	vdw	A:SER:150:O	A:THR:176:O
0	vdw	A:THR:176:O	A:VAL:178:N
0	vdw	A:SER:150:N	A:THR:176:O
0	vdw	A:SER:150:CA	A:THR:176:O
0	vdw	A:SER:150:OG	A:VAL:177:N
0	vdw	A:SER:150:OG	A:VAL:177:CA
0	vdw	A:SER:150:OG	A:VAL:177:CG2
0	vdw	A:TYR:172:O	A:VAL:177:N
0	vdw	A:SER:150:O	A:VAL:177:CA
0	vdw	A:LEU:152:CG	A:VAL:177:CG1
0	vdw	A:CYS:169:CA	A:VAL:177:CG1
0	vdw	A:CYS:169:SG	A:LEU:152:CD1
0	vdw	A:CYS:169:SG	A:VAL:177:CG1
0	vdw	A:LEU:152:CB	A:VAL:165:CG1
0	vdw	A:CYS:169:SG	A:LEU:152:CB
0	vdw	A:HIS:105:ND1	A:VAL:165:CG2
0	vdw	A:HIS:105:CE1	A:VAL:165:CG2
0	vdw	A:HIS:105:CE1	A:TRP:161:CB
0	vdw	A:HIS:105:CE1	A:TRP:161:O
0	vdw	A:TRP:161:O	A:VAL:165:CG2
0	vdw	A:CYS:154:SG	A:VAL:165:CB
0	vdw	A:SER:162:O	A:VAL:165:CB
0	vdw	A:PRO:159:C	A:TRP:161:N
0	vdw	A:PRO:159:O	A:TRP:161:N
0	vdw	A:PRO:163:N	A:TRP:161:C
0	vdw	A:PRO:163:CD	A:TRP:161:C
0	vdw	A:PRO:163:N	A:TRP:161:O
0	vdw	A:GLN:158:CB	A:TRP:161:CG
0	vdw	A:GLN:158:O	A:TRP:161:N
0	vdw	A:GLN:158:O	A:TRP:161:CB
0	vdw	A:ASN:160:C	A:SER:162:N
0	vdw	A:ASN:160:OD1	A:GLN:158:CA
0	vdw	A:ASN:160:OD1	A:GLN:158:C
0	vdw	A:GLN:173:O	A:GLN:175:N
0	vdw	A:GLN:173:O	A:VAL:177:O
0	vdw	A:GLN:175:N	A:TYR:172:O
0	vdw	A:GLN:173:C	A:GLN:175:N
0	vdw	A:TYR:172:O	A:VAL:177:CB
0	vdw	A:GLN:173:CA	A:VAL:177:O
0	vdw	A:GLN:173:C	A:VAL:177:O
0	vdw	A:CYS:169:O	A:TYR:172:C
0	vdw	A:SER:150:O	A:VAL:177:C
0	vdw	A:LEU:168:C	A:VAL:165:O
0	vdw	A:CYS:169:N	A:VAL:165:O
0	vdw	A:LEU:168:C	A:LYS:170:N
0	vdw	A:LEU:168:O	A:LYS:170:N
0	vdw	A:LEU:168:O	A:LYS:171:N
0	vdw	A:CYS:169:C	A:LYS:171:N
0	vdw	A:CYS:169:N	A:GLU:167:C
0	vdw	A:CYS:169:C	A:ILE:209:CD1
0	vdw	A:CYS:169:N	A:VAL:166:C
0	vdw	A:CYS:169:N	A:VAL:166:O
0	vdw	A:CYS:169:CA	A:VAL:166:O
0	vdw	A:CYS:169:C	A:VAL:166:O
0	vdw	A:LEU:168:N	A:VAL:165:O
0	vdw	A:LEU:168:CA	A:VAL:165:O
0	vdw	A:LEU:168:N	A:LYS:164:O
0	vdw	A:GLU:167:N	A:VAL:165:C
0	vdw	A:GLU:167:N	A:VAL:165:O
0	vdw	A:LEU:168:N	A:VAL:166:C
0	vdw	A:LEU:168:N	A:VAL:166:O
0	vdw	A:CYS:169:SG	A:VAL:165:O
0	vdw	A:PRO:163:C	A:VAL:165:N
0	vdw	A:LYS:164:N	A:SER:162:C
0	vdw	A:LYS:164:N	A:SER:162:O
0	vdw	A:SER:162:C	A:VAL:165:N
0	vdw	A:SER:162:O	A:VAL:165:N
0	vdw	A:SER:162:O	A:VAL:165:CA
0	vdw	A:LYS:164:N	A:TRP:161:O
0	vdw	A:LYS:164:CA	A:TRP:161:O
0	vdw	A:LYS:164:CB	A:TRP:161:O
0	vdw	A:TRP:161:O	A:VAL:165:N
0	vdw	A:LYS:164:C	A:VAL:166:N
0	vdw	A:LYS:164:O	A:VAL:166:N
0	vdw	A:GLN:174:N	A:TYR:172:C
0	vdw	A:GLN:174:N	A:TYR:172:O
0	vdw	A:CYS:169:O	A:GLN:173:N
0	vdw	A:CYS:169:O	A:GLN:173:CA
0	vdw	A:CYS:169:O	A:LYS:171:N
0	vdw	A:GLU:167:O	A:LYS:170:N
0	vdw	A:GLU:167:O	A:LYS:170:CB
0	vdw	A:GLU:167:O	A:LYS:171:N
0	vdw	A:ILE:209:CD1	A:LYS:170:CA
0	vdw	A:LYS:170:N	A:VAL:166:O
0	vdw	A:LYS:170:CB	A:VAL:166:O
0	vdw	A:CYS:169:O	A:GLN:173:CB
0	vdw	A:GLU:167:N	A:PRO:163:O
0	vdw	A:GLU:167:N	A:LYS:164:O
0	vdw	A:GLU:167:CG	A:PRO:163:O
0	vdw	A:PRO:163:O	A:VAL:166:CG1
0	vdw	A:GLU:167:OE2	A:LYS:170:NZ
0	vdw	A:GLU:167:CD	A:LYS:170:NZ
0	vdw	A:ALA:2:O	A:THR:4:N
0	vdw	A:GLN:3:N	A:MET:1:O
0	vdw	A:GLN:3:O	A:PRO:5:N
0	vdw	A:LEU:268:CD1	A:MET:52:O
0	vdw	A:GLN:3:O	A:PRO:5:CD
0	vdw	A:ASP:305:N	A:THR:303:OG1
0	vdw	A:THR:303:N	A:THR:306:OG1
0	vdw	A:SER:302:CA	A:THR:306:OG1
0	vdw	A:SER:302:CB	A:THR:306:OG1
0	vdw	A:THR:303:O	A:THR:306:OG1
0	vdw	A:PHE:300:C	A:SER:302:N
0	vdw	A:PHE:300:O	A:SER:302:N
0	vdw	A:SER:302:CB	A:TRP:264:CD1
0	vdw	A:SER:302:CB	A:THR:306:CB
0	vdw	A:SER:302:CB	A:THR:306:CG2
0	vdw	A:LEU:268:CD1	A:PHE:300:CA
0	vdw	A:PHE:300:O	A:TRP:264:CD1
0	vdw	A:PHE:300:O	A:TRP:264:NE1
0	vdw	A:MET:52:SD	A:PHE:61:CD2
0	vdw	A:MET:52:SD	A:PHE:300:CE1
0	vdw	A:LEU:56:CD1	A:MET:52:CE
0	vdw	A:ASP:60:CB	A:THR:57:OG1
0	vdw	A:ASP:60:CB	A:LEU:56:CB
0	vdw	A:ASP:60:CB	A:THR:57:O
0	vdw	A:LEU:304:CA	A:THR:294:CG2
0	vdw	A:THR:294:CG2	A:THR:303:C
0	vdw	A:LEU:304:N	A:THR:294:CG2
0	vdw	A:ASP:305:N	A:THR:303:C
0	vdw	A:ASP:305:N	A:THR:303:O
0	vdw	A:THR:303:C	A:THR:306:N
0	vdw	A:THR:303:O	A:THR:306:N
0	vdw	A:THR:303:O	A:THR:306:CA
0	vdw	A:THR:303:O	A:THR:306:CB
0	vdw	A:PHE:300:CB	A:SER:302:OG
0	vdw	A:ASP:296:C	A:PHE:300:CD2
0	vdw	A:ASP:296:O	A:PHE:300:N
0	vdw	A:ASP:296:O	A:PHE:300:CB
0	vdw	A:ASP:296:O	A:PHE:300:CG
0	vdw	A:ASP:296:O	A:PHE:300:CD2
0	vdw	A:ASP:296:N	A:PHE:300:CD2
0	vdw	A:ASP:296:N	A:PHE:300:CE2
0	vdw	A:ASP:296:CB	A:PHE:300:CE2
0	vdw	A:PHE:300:CE2	A:SER:265:CA
0	vdw	A:PHE:300:CE2	A:SER:265:CB
0	vdw	A:PHE:300:CE2	A:SER:265:OG
0	vdw	A:MET:52:SD	A:PHE:300:CD1
0	vdw	A:LEU:268:CD1	A:PHE:300:CB
0	vdw	A:LEU:268:CD1	A:PHE:300:CD1
0	vdw	A:LEU:268:CB	A:PHE:300:CD1
0	vdw	A:PHE:300:CB	A:TRP:264:CD1
0	vdw	A:PHE:300:CE1	A:PHE:61:CD2
0	vdw	A:PHE:300:CE1	A:PHE:61:CE2
0	vdw	A:PHE:300:CZ	A:PHE:61:CD2
0	vdw	A:PHE:300:CZ	A:PHE:61:CE2
0	vdw	A:LEU:268:CB	A:PHE:300:CE1
0	vdw	A:PHE:61:N	A:PRO:59:C
0	vdw	A:PHE:61:N	A:PRO:59:O
0	vdw	A:LEU:62:N	A:PRO:59:O
0	vdw	A:ASP:60:C	A:LEU:62:N
0	vdw	A:PHE:61:N	A:THR:57:O
0	vdw	A:LEU:58:O	A:PHE:61:N
0	vdw	A:LEU:58:O	A:PHE:61:CA
0	vdw	A:PHE:61:CB	A:THR:57:O
0	vdw	A:LEU:58:O	A:PHE:61:CB
0	vdw	A:LEU:58:O	A:LEU:62:N
0	vdw	A:LEU:62:CB	A:PRO:59:O
0	vdw	A:ASP:60:N	A:THR:57:OG1
0	vdw	A:ASP:60:N	A:LEU:58:C
0	vdw	A:ASP:60:N	A:THR:57:O
0	vdw	A:ASP:60:N	A:LEU:58:O
0	vdw	A:ASP:60:CA	A:THR:57:O
0	vdw	A:GLU:93:C	A:VAL:95:N
0	vdw	A:GLU:93:O	A:VAL:95:N
0	vdw	A:GLU:93:O	A:LYS:11:NZ
0	vdw	A:LEU:304:CB	A:THR:294:CG2
0	vdw	A:GLU:13:OE1	A:THR:294:CG2
0	vdw	A:GLU:13:OE1	A:THR:294:CB
0	vdw	A:GLU:13:OE1	A:THR:294:OG1
0	vdw	A:LYS:90:NZ	A:THR:294:OG1
0	vdw	A:GLU:13:CD	A:LYS:90:NZ
0	vdw	A:GLU:13:OE2	A:LYS:90:NZ
0	vdw	A:GLU:13:OE1	A:LEU:304:CD1
0	vdw	A:LEU:304:CD1	A:THR:294:CG2
0	vdw	A:GLU:13:OE1	A:THR:294:N
0	vdw	A:GLU:13:OE1	A:THR:294:CA
0	vdw	A:ASP:296:N	A:THR:294:O
0	vdw	A:THR:294:OG1	A:VAL:16:CG2
0	vdw	A:ASP:296:CG	A:PHE:61:CZ
0	vdw	A:ASP:296:OD2	A:PHE:61:CZ
0	vdw	A:ASP:295:O	A:HIS:17:N
0	vdw	A:ASP:296:N	A:THR:294:C
0	vdw	A:ASP:295:CA	A:HIS:15:O
0	vdw	A:LEU:58:CD1	A:PHE:61:CD1
0	vdw	A:LEU:58:O	A:PHE:61:CD1
0	vdw	A:LEU:58:O	A:LEU:62:CG
0	vdw	A:ASP:185:N	A:LEU:62:CD1
0	vdw	A:ASP:185:CA	A:LEU:62:CD1
0	vdw	A:ASP:185:CB	A:LEU:62:CD1
0	vdw	A:GLY:184:C	A:LEU:62:CD1
0	vdw	A:LEU:58:O	A:LEU:62:CB
0	vdw	A:TYR:97:N	A:VAL:95:C
0	vdw	A:GLY:94:O	A:LYS:11:N
0	vdw	A:LYS:11:O	A:VAL:95:CA
0	vdw	A:LYS:11:O	A:VAL:95:C
0	vdw	A:LYS:11:O	A:VAL:96:N
0	vdw	A:GLY:94:O	A:PRO:10:CA
0	vdw	A:GLY:94:O	A:PRO:10:C
0	vdw	A:TYR:97:C	A:VAL:95:CG1
0	vdw	A:TYR:97:O	A:VAL:95:CG1
0	vdw	A:LYS:11:O	A:VAL:95:CG1
0	vdw	A:LEU:304:CD2	A:VAL:95:CG2
0	vdw	A:GLU:13:CD	A:VAL:16:CB
0	vdw	A:GLU:13:CD	A:VAL:16:CG1
0	vdw	A:GLU:13:OE2	A:VAL:16:CG1
0	vdw	A:GLU:13:CD	A:THR:294:OG1
0	vdw	A:ARG:101:N	A:VAL:16:O
0	vdw	A:ARG:101:CG	A:VAL:16:O
0	vdw	A:ASP:295:O	A:VAL:16:CA
0	vdw	A:ASP:295:O	A:VAL:16:C
0	vdw	A:ASP:295:O	A:VAL:16:CG2
0	vdw	A:ARG:101:CG	A:HIS:17:CG
0	vdw	A:ARG:101:CG	A:HIS:17:CD2
0	vdw	A:ARG:101:CD	A:HIS:17:CD2
0	vdw	A:ARG:101:CG	A:HIS:17:NE2
0	vdw	A:ARG:101:CD	A:HIS:17:NE2
0	vdw	A:HIS:17:NE2	A:HIS:214:NE2
0	vdw	A:ASP:295:OD1	A:HIS:17:CD2
0	vdw	A:HIS:17:NE2	A:HIS:214:CE1
0	vdw	A:GLY:184:CA	A:MET:155:CE
0	vdw	A:PRO:10:CB	A:VAL:96:CG1
0	vdw	A:LYS:11:O	A:VAL:96:CG2
0	vdw	A:TYR:97:O	A:VAL:12:CA
0	vdw	A:GLU:13:O	A:VAL:98:CA
0	vdw	A:GLU:13:N	A:TYR:97:O
0	vdw	A:GLU:13:O	A:VAL:98:C
0	vdw	A:GLU:13:O	A:VAL:98:CG2
0	vdw	A:GLU:13:O	A:GLU:99:N
0	vdw	A:VAL:16:CG1	A:VAL:98:CG2
0	vdw	A:ARG:101:CB	A:CYS:153:SG
0	vdw	A:ARG:101:CB	A:ILE:151:CB
0	vdw	A:ARG:101:CD	A:ASP:181:OD2
0	vdw	A:ARG:101:CG	A:HIS:17:ND1
0	vdw	A:ARG:101:CG	A:HIS:17:CE1
0	vdw	A:ARG:101:CD	A:HIS:17:CE1
0	vdw	A:ASP:181:OD2	A:CYS:153:SG
0	vdw	A:ALA:183:CB	A:HIS:214:CE1
0	vdw	A:ASP:181:CB	A:CYS:153:SG
0	vdw	A:ALA:183:O	A:ARG:156:N
0	vdw	A:HIS:157:C	A:PRO:159:CD
0	vdw	A:HIS:157:O	A:PRO:159:CD
0	vdw	A:HIS:157:CB	A:ILE:188:CD1
0	vdw	A:LYS:147:CG	A:TYR:97:CD2
0	vdw	A:LEU:343:CD1	A:TYR:97:CB
0	vdw	A:LEU:343:CD2	A:TYR:97:CB
0	vdw	A:GLU:99:CG	A:TYR:97:CZ
0	vdw	A:LEU:335:CD2	A:TYR:97:CE2
0	vdw	A:ARG:149:CG	A:TYR:97:CE2
0	vdw	A:GLU:99:CD	A:TYR:97:CZ
0	vdw	A:GLU:99:OE1	A:TYR:97:CZ
0	vdw	A:LEU:335:CG	A:TYR:97:CE2
0	vdw	A:LEU:335:CD1	A:TYR:97:CE2
0	vdw	A:LEU:335:CG	A:TYR:97:CZ
0	vdw	A:LEU:335:CD1	A:TYR:97:CZ
0	vdw	A:LEU:343:CD2	A:TYR:97:CG
0	vdw	A:GLU:99:CG	A:TYR:97:OH
0	vdw	A:GLU:99:CD	A:TYR:97:OH
0	vdw	A:GLU:99:OE1	A:TYR:97:OH
0	vdw	A:GLU:99:CG	A:TYR:97:CE1
0	vdw	A:LEU:335:CG	A:TYR:97:OH
0	vdw	A:ALA:179:O	A:ILE:151:CA
0	vdw	A:ALA:179:C	A:ILE:151:CG2
0	vdw	A:ALA:179:O	A:ILE:151:CG2
0	vdw	A:ASP:181:N	A:ILE:151:CG2
0	vdw	A:ASP:181:CB	A:ILE:151:CG2
0	vdw	A:ILE:151:CG2	A:ILE:180:C
0	vdw	A:LEU:152:C	A:VAL:165:CG1
0	vdw	A:ASP:181:O	A:CYS:153:CA
0	vdw	A:ASP:181:O	A:CYS:153:C
0	vdw	A:CYS:154:CB	A:LEU:182:CD1
0	vdw	A:CYS:154:O	A:LEU:182:CA
0	vdw	A:CYS:154:CB	A:SER:162:OG
0	vdw	A:ASP:181:O	A:CYS:154:N
0	vdw	A:ASP:181:O	A:CYS:154:CA
0	vdw	A:ASP:181:O	A:CYS:154:CB
0	vdw	A:CYS:154:O	A:LEU:182:C
0	vdw	A:ALA:183:N	A:CYS:154:O
0	vdw	A:ALA:183:O	A:CYS:154:O
0	vdw	A:GLN:158:N	A:MET:155:O
0	vdw	A:GLN:158:CA	A:MET:155:O
0	vdw	A:GLN:158:C	A:MET:155:O
0	vdw	A:HIS:197:CE1	A:MET:155:C
0	vdw	A:HIS:197:CE1	A:MET:155:O
0	vdw	A:HIS:197:NE2	A:MET:155:O
0	vdw	A:ASN:160:N	A:GLN:158:O
0	vdw	A:HIS:157:N	A:MET:155:C
0	vdw	A:HIS:157:N	A:MET:155:O
0	vdw	A:ALA:183:O	A:MET:155:CA
0	vdw	A:ALA:183:O	A:MET:155:C
0	vdw	A:ASN:160:N	A:GLN:158:C
0	vdw	A:ARG:156:C	A:GLN:158:N
0	vdw	A:ASP:338:O	A:GLU:342:CG
0	vdw	A:ARG:149:CB	A:VAL:178:CG1
0	vdw	A:ARG:149:CB	A:VAL:178:CG2
0	vdw	A:ARG:149:CG	A:VAL:178:CG1
0	vdw	A:SER:150:O	A:VAL:178:CG2
0	vdw	A:PHE:334:CB	A:VAL:178:CB
0	vdw	A:PHE:334:CB	A:VAL:178:CG2
0	vdw	A:SER:150:O	A:VAL:178:N
0	vdw	A:ALA:179:O	A:LEU:152:N
0	vdw	A:ALA:179:O	A:CYS:169:SG
0	vdw	A:ALA:179:CA	A:HIS:210:O
0	vdw	A:ALA:179:C	A:HIS:210:O
0	vdw	A:LEU:152:O	A:VAL:165:CG1
0	vdw	A:ILE:180:CG1	A:LEU:152:O
0	vdw	A:ILE:180:CG1	A:VAL:165:CG1
0	vdw	A:ILE:180:CD1	A:VAL:165:CG1
0	vdw	A:CYS:154:SG	A:ILE:180:CG1
0	vdw	A:CYS:154:SG	A:ILE:180:CD1
0	vdw	A:ILE:180:CA	A:LEU:152:O
0	vdw	A:ILE:180:C	A:LEU:152:O
0	vdw	A:ASP:181:N	A:LEU:152:O
0	vdw	A:CYS:154:SG	A:SER:162:CA
0	vdw	A:CYS:154:SG	A:SER:162:CB
0	vdw	A:CYS:154:SG	A:SER:162:OG
0	vdw	A:ASP:181:O	A:CYS:154:SG
0	vdw	A:PRO:159:O	A:SER:162:N
0	vdw	A:PRO:159:O	A:SER:162:CB
0	vdw	A:PRO:159:O	A:SER:162:OG
0	vdw	A:HIS:197:ND1	A:SER:162:CB
0	vdw	A:HIS:197:ND1	A:SER:162:OG
0	vdw	A:GLY:196:C	A:SER:162:CB
0	vdw	A:GLY:196:O	A:SER:162:CB
0	vdw	A:HIS:197:CE1	A:SER:162:OG
0	vdw	A:ALA:200:CB	A:SER:162:CB
0	vdw	A:GLY:196:CA	A:PRO:159:O
0	vdw	A:GLY:196:C	A:PRO:159:O
0	vdw	A:HIS:197:CE1	A:PRO:159:CA
0	vdw	A:HIS:197:NE2	A:PRO:159:CA
0	vdw	A:CYS:169:CB	A:ILE:209:CG2
0	vdw	A:CYS:169:CB	A:VAL:166:O
0	vdw	A:SER:162:O	A:VAL:166:N
0	vdw	A:ALA:200:CB	A:SER:162:C
0	vdw	A:ALA:200:CB	A:SER:162:O
0	vdw	A:PRO:159:O	A:PRO:163:CD
0	vdw	A:GLN:173:CD	A:ILE:209:CD1
0	vdw	A:GLN:173:NE2	A:ILE:209:CD1
0	vdw	A:GLN:173:NE2	A:GLY:208:O
0	vdw	A:ILE:209:CG1	A:LYS:170:CG
0	vdw	A:ILE:209:CD1	A:LYS:170:CG
0	vdw	A:LYS:170:CG	A:VAL:166:O
0	vdw	A:LYS:170:CD	A:VAL:166:O
0	vdw	A:ALA:204:N	A:VAL:166:CG2
0	vdw	A:GLU:167:OE1	A:LYS:170:CD
0	vdw	A:LYS:170:CD	A:SER:207:OG
0	vdw	A:LYS:170:CD	A:SER:207:CB
0	vdw	A:ALA:200:O	A:VAL:166:CG2
0	vdw	A:GLU:203:OE1	A:LYS:170:NZ
0	vdw	A:GLU:167:OE1	A:LYS:170:CE
0	vdw	A:GLU:167:OE1	A:LYS:170:NZ
0	vdw	A:LYS:170:CE	A:SER:207:OG
0	vdw	A:LYS:170:NZ	A:SER:207:OG
0	vdw	A:GLU:203:OE1	A:SER:207:OG
0	vdw	A:GLN:309:NE2	A:THR:4:O
0	vdw	A:ALA:6:N	A:GLN:309:CD
0	vdw	A:ASP:305:OD2	A:GLN:309:CD
0	vdw	A:GLN:309:NE2	A:PRO:5:CA
0	vdw	A:GLN:309:NE2	A:PRO:5:C
0	vdw	A:ALA:6:N	A:GLN:309:NE2
0	vdw	A:ASP:305:OD2	A:GLN:309:NE2
0	vdw	A:ASP:305:CG	A:GLN:309:NE2
0	vdw	A:ALA:6:CB	A:GLN:309:CD
0	vdw	A:TRP:264:CH2	A:TYR:267:CD1
0	vdw	A:TRP:264:CH2	A:TYR:267:CE1
0	vdw	A:ASP:53:C	A:LEU:268:CD2
0	vdw	A:LEU:268:CD2	A:LYS:54:N
0	vdw	A:LEU:268:CD2	A:LYS:54:C
0	vdw	A:LEU:268:CD2	A:LYS:54:O
0	vdw	A:LYS:54:O	A:MET:52:CE
0	vdw	A:LEU:268:O	A:PRO:55:CA
0	vdw	A:LEU:56:N	A:LYS:54:O
0	vdw	A:ASP:305:OD1	A:PRO:5:CB
0	vdw	A:PHE:7:N	A:PRO:5:O
0	vdw	A:ASP:305:OD1	A:PRO:5:CA
0	vdw	A:ASP:305:OD2	A:PRO:5:CA
0	vdw	A:ASP:305:OD1	A:PRO:5:C
0	vdw	A:ALA:6:N	A:ASP:305:OD1
0	vdw	A:ASP:305:CG	A:PRO:5:CA
0	vdw	A:ASP:305:OD2	A:GLN:309:CG
0	vdw	A:ALA:6:CB	A:ASP:305:OD1
0	vdw	A:PHE:7:N	A:PRO:5:C
0	vdw	A:ASP:305:O	A:GLN:309:CG
0	vdw	A:ASP:305:CG	A:GLN:309:CG
0	vdw	A:ASP:305:O	A:TYR:308:C
0	vdw	A:ASP:305:O	A:GLN:309:N
0	vdw	A:ASP:305:O	A:GLN:309:CA
0	vdw	A:ASP:305:O	A:GLN:309:CB
0	vdw	A:ASP:305:C	A:ASP:307:N
0	vdw	A:ASP:305:O	A:ASP:307:N
0	vdw	A:ASP:305:O	A:TYR:308:N
0	vdw	A:ALA:6:CB	A:GLN:309:CG
0	vdw	A:THR:306:CG2	A:TRP:264:CG
0	vdw	A:THR:306:CG2	A:TRP:264:CD1
0	vdw	A:THR:306:CG2	A:TRP:264:CD2
0	vdw	A:MET:310:N	A:THR:306:O
0	vdw	A:MET:310:CB	A:THR:306:O
0	vdw	A:GLN:309:N	A:THR:306:O
0	vdw	A:THR:306:C	A:TYR:308:N
0	vdw	A:LEU:268:CD1	A:TRP:264:CD1
0	vdw	A:LEU:268:CD1	A:TRP:264:CE2
0	vdw	A:LEU:268:CD1	A:TRP:264:NE1
0	vdw	A:ASP:307:OD1	A:TRP:264:CB
0	vdw	A:MET:310:SD	A:TRP:264:CE3
0	vdw	A:LEU:268:CG	A:TRP:264:O
0	vdw	A:LEU:268:CB	A:TRP:264:O
0	vdw	A:TRP:264:O	A:TYR:267:N
0	vdw	A:TRP:264:O	A:TYR:267:CB
0	vdw	A:LEU:268:N	A:TRP:264:O
0	vdw	A:SER:266:N	A:TRP:264:O
0	vdw	A:LEU:268:C	A:MET:52:CE
0	vdw	A:LEU:268:CB	A:MET:52:CE
0	vdw	A:LEU:268:O	A:MET:52:CE
0	vdw	A:LEU:56:CB	A:MET:52:CE
0	vdw	A:LEU:56:CG	A:MET:52:CE
0	vdw	A:LEU:268:O	A:LEU:56:N
0	vdw	A:GLY:270:N	A:LEU:268:C
0	vdw	A:GLY:270:N	A:LEU:268:O
0	vdw	A:LEU:268:CA	A:SER:265:O
0	vdw	A:LEU:268:C	A:SER:265:O
0	vdw	A:LEU:268:O	A:PRO:55:C
0	vdw	A:ASP:60:OD2	A:THR:57:N
0	vdw	A:ASP:60:CG	A:THR:57:OG1
0	vdw	A:ASP:60:OD2	A:THR:57:CB
0	vdw	A:ASP:60:OD2	A:THR:57:OG1
0	vdw	A:ASP:60:OD2	A:THR:57:CG2
0	vdw	A:LYS:9:N	A:PHE:7:C
0	vdw	A:LYS:9:N	A:PHE:7:O
0	vdw	A:LYS:11:CE	A:PHE:7:O
0	vdw	A:LYS:11:NZ	A:PHE:7:O
0	vdw	A:ASP:307:N	A:LEU:304:O
0	vdw	A:LEU:304:O	A:TYR:308:N
0	vdw	A:LEU:304:O	A:TYR:308:CD2
0	vdw	A:LEU:304:C	A:THR:306:N
0	vdw	A:LEU:304:O	A:THR:306:N
0	vdw	A:ASN:293:O	A:ASP:307:CG
0	vdw	A:ASP:307:OD1	A:PRO:263:N
0	vdw	A:ASP:307:OD1	A:PRO:263:CD
0	vdw	A:ASP:307:OD1	A:TRP:264:N
0	vdw	A:ASP:307:OD1	A:TRP:264:CA
0	vdw	A:PHE:300:CZ	A:SER:265:CA
0	vdw	A:PHE:300:CZ	A:SER:265:CB
0	vdw	A:ASP:295:CB	A:SER:265:CB
0	vdw	A:ASP:295:OD2	A:SER:265:CB
0	vdw	A:SER:266:N	A:TRP:264:C
0	vdw	A:CYS:262:O	A:SER:265:N
0	vdw	A:CYS:262:O	A:SER:265:CA
0	vdw	A:CYS:262:O	A:SER:265:CB
0	vdw	A:PRO:263:C	A:SER:265:N
0	vdw	A:CYS:262:CB	A:SER:265:CB
0	vdw	A:PHE:300:CZ	A:THR:269:CG2
0	vdw	A:SER:265:O	A:THR:269:N
0	vdw	A:SER:265:O	A:THR:269:CB
0	vdw	A:SER:265:O	A:THR:269:CG2
0	vdw	A:GLU:217:OE1	A:THR:269:CB
0	vdw	A:GLU:217:OE1	A:THR:269:CG2
0	vdw	A:THR:269:N	A:TYR:267:C
0	vdw	A:PRO:59:N	A:THR:57:O
0	vdw	A:LEU:58:N	A:THR:269:O
0	vdw	A:PRO:59:N	A:THR:57:C
0	vdw	A:PRO:59:CD	A:THR:57:C
0	vdw	A:PRO:59:CD	A:THR:57:CB
0	vdw	A:PRO:59:CD	A:THR:57:OG1
0	vdw	A:THR:269:O	A:THR:57:CA
0	vdw	A:THR:269:O	A:THR:57:C
0	vdw	A:LYS:11:CG	A:LYS:9:O
0	vdw	A:LYS:11:NZ	A:LYS:9:O
0	vdw	A:LYS:9:CB	A:PHE:7:CE1
0	vdw	A:LYS:9:CB	A:PHE:7:CZ
0	vdw	A:LYS:9:CB	A:TYR:351:CE1
0	vdw	A:LEU:304:CD2	A:LYS:11:CD
0	vdw	A:LYS:11:CG	A:TYR:308:OH
0	vdw	A:LYS:11:CD	A:TYR:308:CZ
0	vdw	A:LEU:304:CG	A:TYR:308:CE2
0	vdw	A:LEU:304:CD1	A:TYR:308:CE2
0	vdw	A:ASN:293:C	A:ASP:295:N
0	vdw	A:ASP:295:N	A:HIS:15:O
0	vdw	A:ASN:293:O	A:CYS:262:CA
0	vdw	A:ASP:295:CG	A:SER:265:OG
0	vdw	A:ASP:295:OD2	A:SER:265:OG
0	vdw	A:ASP:295:OD1	A:HIS:15:CD2
0	vdw	A:ASP:295:OD1	A:HIS:15:NE2
0	vdw	A:ASP:295:OD2	A:HIS:238:CE1
0	vdw	A:PHE:300:CZ	A:SER:265:OG
0	vdw	A:ASP:295:CB	A:CYS:262:SG
0	vdw	A:LEU:58:CD2	A:VAL:218:CG2
0	vdw	A:GLU:217:OE1	A:LEU:58:CD1
0	vdw	A:GLU:217:OE2	A:LEU:58:CD1
0	vdw	A:GLU:186:N	A:LEU:58:CD2
0	vdw	A:ASP:185:OD1	A:THR:187:CG2
0	vdw	A:ASP:185:OD1	A:THR:187:CB
0	vdw	A:ASP:185:OD1	A:THR:187:OG1
0	vdw	A:ASP:185:OD1	A:THR:187:N
0	vdw	A:ASP:185:OD1	A:THR:187:CA
0	vdw	A:ASP:185:OD2	A:THR:187:OG1
0	vdw	A:ALA:350:CB	A:PRO:10:CG
0	vdw	A:ALA:350:CB	A:LEU:346:O
0	vdw	A:ALA:350:CA	A:LEU:347:O
0	vdw	A:PRO:10:O	A:TYR:351:CE1
0	vdw	A:PRO:10:O	A:TYR:351:OH
0	vdw	A:PRO:10:O	A:TYR:351:CZ
0	vdw	A:PHE:7:CE1	A:PRO:10:O
0	vdw	A:ASN:326:OD1	A:LYS:11:CA
0	vdw	A:ASN:326:OD1	A:LYS:11:C
0	vdw	A:ASN:326:OD1	A:LYS:11:CB
0	vdw	A:ASN:326:OD1	A:VAL:12:N
0	vdw	A:ASN:293:CG	A:HIS:15:CB
0	vdw	A:ASN:293:OD1	A:HIS:15:CB
0	vdw	A:ASN:293:OD1	A:LEU:14:N
0	vdw	A:ASN:293:OD1	A:LEU:14:CA
0	vdw	A:ASN:293:CG	A:HIS:15:N
0	vdw	A:ASN:293:OD1	A:LEU:14:C
0	vdw	A:ASN:293:OD1	A:HIS:15:N
0	vdw	A:ASN:293:CB	A:HIS:15:CB
0	vdw	A:ASN:293:CB	A:HIS:15:O
0	vdw	A:ARG:101:NH2	A:HIS:15:CA
0	vdw	A:ARG:101:NH2	A:HIS:15:CB
0	vdw	A:ARG:101:CZ	A:HIS:15:CA
0	vdw	A:GLU:260:CB	A:HIS:15:CB
0	vdw	A:ASN:293:CB	A:ILE:261:O
0	vdw	A:ASN:293:CB	A:CYS:262:SG
0	vdw	A:HIS:15:CE1	A:HIS:214:NE2
0	vdw	A:HIS:15:NE2	A:HIS:214:NE2
0	vdw	A:ARG:101:CZ	A:HIS:15:CG
0	vdw	A:ARG:101:NH1	A:HIS:15:ND1
0	vdw	A:ARG:101:CZ	A:HIS:15:ND1
0	vdw	A:ARG:101:NH1	A:HIS:15:CE1
0	vdw	A:ARG:101:CZ	A:HIS:15:CE1
0	vdw	A:HIS:15:CE1	A:HIS:214:CE1
0	vdw	A:HIS:15:NE2	A:HIS:214:CE1
0	vdw	A:GLU:260:OE2	A:HIS:15:CG
0	vdw	A:GLU:260:OE2	A:HIS:15:ND1
0	vdw	A:GLY:237:CA	A:HIS:15:CE1
0	vdw	A:GLU:260:OE2	A:HIS:15:CE1
0	vdw	A:GLU:260:CB	A:HIS:15:ND1
0	vdw	A:GLU:260:CD	A:HIS:15:ND1
0	vdw	A:CYS:262:SG	A:HIS:15:CG
0	vdw	A:CYS:262:SG	A:HIS:15:CD2
0	vdw	A:HIS:214:CD2	A:HIS:238:CD2
0	vdw	A:HIS:214:CD2	A:HIS:238:NE2
0	vdw	A:ARG:156:CD	A:GLY:184:O
0	vdw	A:GLU:186:N	A:GLY:184:C
0	vdw	A:GLU:186:N	A:GLY:184:O
0	vdw	A:ASP:185:O	A:ILE:188:CB
0	vdw	A:ASP:185:O	A:ILE:188:CG1
0	vdw	A:ASP:185:O	A:ILE:188:CD1
0	vdw	A:ARG:156:CD	A:ASP:185:C
0	vdw	A:ARG:156:CB	A:ASP:185:O
0	vdw	A:ARG:156:CD	A:ASP:185:O
0	vdw	A:ASP:185:C	A:THR:187:N
0	vdw	A:ASP:185:O	A:THR:187:N
0	vdw	A:ASP:185:O	A:ILE:188:N
0	vdw	A:ASP:185:CG	A:THR:187:OG1
0	vdw	A:ILE:188:CB	A:SER:191:CB
0	vdw	A:LEU:346:O	A:LYS:349:CB
0	vdw	A:ASP:345:O	A:LYS:349:CB
0	vdw	A:ALA:350:N	A:LEU:346:O
0	vdw	A:ASP:345:C	A:LEU:347:N
0	vdw	A:LEU:346:C	A:TYR:348:N
0	vdw	A:LEU:346:O	A:LYS:349:N
0	vdw	A:ALA:350:N	A:LEU:347:O
0	vdw	A:ALA:350:N	A:TYR:348:C
0	vdw	A:LEU:343:O	A:LEU:347:N
0	vdw	A:ASP:345:O	A:LEU:347:N
0	vdw	A:LEU:344:O	A:LEU:347:N
0	vdw	A:LEU:14:CD2	A:VAL:12:CG1
0	vdw	A:TYR:97:CD1	A:VAL:12:CG1
0	vdw	A:ALA:329:CB	A:VAL:12:CB
0	vdw	A:ALA:329:CB	A:VAL:12:CG1
0	vdw	A:GLU:13:C	A:HIS:15:N
0	vdw	A:GLU:99:CD	A:LEU:14:CD2
0	vdw	A:GLU:99:OE1	A:LEU:14:CD2
0	vdw	A:ARG:101:NH2	A:LEU:14:C
0	vdw	A:ARG:101:NH2	A:LEU:14:O
0	vdw	A:ARG:101:NH2	A:GLU:260:CD
0	vdw	A:ARG:101:NH2	A:GLU:260:OE1
0	vdw	A:ARG:101:NH2	A:GLU:260:OE2
0	vdw	A:ARG:101:NH2	A:HIS:15:CG
0	vdw	A:ARG:101:NH2	A:HIS:15:ND1
0	vdw	A:ARG:101:NH1	A:ASP:181:OD2
0	vdw	A:ARG:101:NH1	A:HIS:214:CE1
0	vdw	A:ARG:101:NH1	A:GLU:260:OE2
0	vdw	A:ARG:101:CZ	A:GLU:260:OE2
0	vdw	A:ARG:101:NH1	A:ASP:181:CG
0	vdw	A:ASP:181:OD2	A:HIS:214:ND1
0	vdw	A:ASP:181:OD2	A:HIS:214:CE1
0	vdw	A:HIS:214:CG	A:LEU:182:O
0	vdw	A:HIS:214:ND1	A:LEU:182:O
0	vdw	A:ASP:181:CG	A:HIS:214:ND1
0	vdw	A:ASP:181:OD1	A:HIS:214:ND1
0	vdw	A:ALA:183:O	A:ARG:156:CB
0	vdw	A:ALA:183:O	A:ARG:156:CG
0	vdw	A:HIS:214:N	A:LEU:182:O
0	vdw	A:HIS:214:CA	A:LEU:182:O
0	vdw	A:HIS:214:CB	A:LEU:182:O
0	vdw	A:ARG:156:CA	A:HIS:197:NE2
0	vdw	A:ARG:156:CD	A:SER:191:OG
0	vdw	A:ARG:156:CD	A:GLU:186:N
0	vdw	A:ARG:156:CD	A:GLU:186:CA
0	vdw	A:ILE:188:CG2	A:SER:191:CB
0	vdw	A:GLU:342:O	A:LEU:346:N
0	vdw	A:LEU:343:O	A:LEU:346:N
0	vdw	A:GLU:342:O	A:LEU:346:CB
0	vdw	A:LEU:343:O	A:LEU:346:CB
0	vdw	A:LEU:344:C	A:LEU:346:N
0	vdw	A:LEU:344:O	A:LEU:346:N
0	vdw	A:GLU:342:O	A:LEU:344:N
0	vdw	A:ASP:345:N	A:GLU:342:O
0	vdw	A:ASP:345:N	A:LEU:343:C
0	vdw	A:ASP:345:N	A:LEU:343:O
0	vdw	A:LEU:343:O	A:LEU:347:CB
0	vdw	A:LEU:343:O	A:LEU:347:CG
0	vdw	A:LEU:343:CD2	A:TYR:97:CD1
0	vdw	A:GLU:339:O	A:LEU:343:CB
0	vdw	A:ALA:330:CB	A:LEU:343:CG
0	vdw	A:ALA:330:CB	A:LEU:343:CD2
0	vdw	A:LEU:343:CB	A:LYS:340:O
0	vdw	A:SER:333:CB	A:TYR:97:CE1
0	vdw	A:GLU:99:CD	A:TYR:97:CE1
0	vdw	A:GLU:99:OE1	A:TYR:97:CE1
0	vdw	A:GLU:99:OE1	A:SER:333:CB
0	vdw	A:ALA:330:O	A:SER:333:CB
0	vdw	A:LEU:14:CD2	A:TYR:97:CE1
0	vdw	A:GLU:99:OE2	A:ILE:151:CD1
0	vdw	A:ARG:235:NH2	A:GLU:99:OE2
0	vdw	A:GLU:99:OE1	A:PHE:334:N
0	vdw	A:ARG:235:NH1	A:GLU:99:CD
0	vdw	A:ARG:235:NH1	A:GLU:99:OE1
0	vdw	A:GLU:99:OE1	A:SER:333:CA
0	vdw	A:ARG:235:NH1	A:GLU:99:OE2
0	vdw	A:GLU:99:OE2	A:PHE:334:CD2
0	vdw	A:ARG:235:CZ	A:GLU:99:OE2
0	vdw	A:GLU:99:OE1	A:SER:333:C
0	vdw	A:ARG:235:NH2	A:ILE:151:CD1
0	vdw	A:ARG:235:NH2	A:PHE:334:CD2
0	vdw	A:ARG:235:NH2	A:PHE:334:CE2
0	vdw	A:ARG:235:NH2	A:GLU:260:OE1
0	vdw	A:ASP:181:CB	A:THR:212:CG2
0	vdw	A:ASP:181:CG	A:THR:212:CG2
0	vdw	A:ILE:180:O	A:THR:212:CG2
0	vdw	A:ASP:181:CA	A:TYR:201:OH
0	vdw	A:ASP:181:C	A:TYR:201:OH
0	vdw	A:ASP:181:O	A:TYR:201:OH
0	vdw	A:LEU:182:N	A:TYR:201:OH
0	vdw	A:ASP:181:CA	A:THR:212:O
0	vdw	A:ASP:181:OD1	A:THR:212:O
0	vdw	A:ASP:181:OD1	A:VAL:213:CA
0	vdw	A:ASP:181:OD1	A:THR:212:C
0	vdw	A:ASP:181:OD1	A:HIS:214:N
0	vdw	A:HIS:197:CE1	A:LEU:182:CD1
0	vdw	A:HIS:197:ND1	A:LEU:182:CD1
0	vdw	A:ARG:156:CG	A:LEU:182:CD1
0	vdw	A:ARG:156:O	A:HIS:197:NE2
0	vdw	A:HIS:197:CD2	A:SER:191:O
0	vdw	A:HIS:197:CD2	A:LEU:194:CB
0	vdw	A:HIS:197:NE2	A:PRO:159:CB
0	vdw	A:ARG:156:O	A:LEU:194:CD1
0	vdw	A:LEU:194:CD1	A:SER:191:O
0	vdw	A:ARG:341:C	A:LEU:343:N
0	vdw	A:GLU:339:O	A:GLU:342:N
0	vdw	A:GLU:339:O	A:GLU:342:CB
0	vdw	A:GLU:339:O	A:LEU:343:N
0	vdw	A:ASP:338:O	A:GLU:342:N
0	vdw	A:ARG:341:O	A:LEU:343:N
0	vdw	A:GLU:342:N	A:LYS:340:C
0	vdw	A:LEU:343:N	A:LYS:340:O
0	vdw	A:GLU:342:C	A:LEU:344:N
0	vdw	A:GLU:339:C	A:PRO:336:O
0	vdw	A:LYS:340:N	A:PRO:336:O
0	vdw	A:LYS:340:CA	A:PRO:336:O
0	vdw	A:ARG:341:N	A:GLU:339:C
0	vdw	A:ARG:341:N	A:GLU:339:O
0	vdw	A:LEU:335:CB	A:SER:333:OG
0	vdw	A:LYS:340:CE	A:SER:333:OG
0	vdw	A:LEU:335:N	A:SER:333:C
0	vdw	A:LEU:335:N	A:SER:333:O
0	vdw	A:ALA:330:O	A:SER:333:OG
0	vdw	A:HIS:210:CD2	A:PHE:334:CB
0	vdw	A:ALA:179:CB	A:PHE:334:CD2
0	vdw	A:ALA:179:CB	A:PHE:334:CE2
0	vdw	A:ALA:179:CB	A:HIS:210:CB
0	vdw	A:HIS:210:CB	A:PHE:334:CG
0	vdw	A:HIS:210:CG	A:PHE:334:CG
0	vdw	A:ALA:179:CB	A:HIS:210:C
0	vdw	A:ALA:179:CB	A:HIS:210:O
0	vdw	A:ARG:235:CZ	A:PHE:334:CD2
0	vdw	A:ARG:235:NE	A:PHE:334:CE2
0	vdw	A:ARG:235:CZ	A:PHE:334:CE2
0	vdw	A:ARG:235:NH1	A:PHE:334:CD2
0	vdw	A:ARG:235:NH1	A:PHE:334:CE2
0	vdw	A:HIS:210:O	A:ILE:180:N
0	vdw	A:ARG:211:CA	A:ILE:180:O
0	vdw	A:ILE:180:O	A:THR:212:N
0	vdw	A:ILE:180:O	A:THR:212:O
0	vdw	A:LEU:182:CA	A:TYR:201:OH
0	vdw	A:LEU:182:CB	A:TYR:201:OH
0	vdw	A:THR:212:O	A:TYR:201:OH
0	vdw	A:TYR:201:OH	A:VAL:213:CG2
0	vdw	A:TYR:201:CZ	A:VAL:213:CG2
0	vdw	A:HIS:197:O	A:TYR:201:CD2
0	vdw	A:HIS:197:N	A:PRO:195:C
0	vdw	A:HIS:197:N	A:PRO:195:O
0	vdw	A:HIS:197:N	A:LEU:194:O
0	vdw	A:HIS:197:CA	A:LEU:194:O
0	vdw	A:HIS:197:CB	A:LEU:194:O
0	vdw	A:LEU:194:CB	A:PRO:159:CB
0	vdw	A:ARG:341:CB	A:ASP:338:O
0	vdw	A:ASP:338:C	A:LYS:340:N
0	vdw	A:ASP:338:O	A:LYS:340:N
0	vdw	A:ARG:341:N	A:ASP:338:O
0	vdw	A:ARG:341:CA	A:ASP:338:O
0	vdw	A:ASP:338:N	A:PRO:336:O
0	vdw	A:GLU:339:N	A:PRO:336:O
0	vdw	A:GLU:339:CA	A:PRO:336:O
0	vdw	A:GLU:337:C	A:GLU:339:N
0	vdw	A:ASP:338:N	A:PRO:336:C
0	vdw	A:LYS:340:CB	A:PRO:336:O
0	vdw	A:LEU:335:O	A:LYS:340:CE
0	vdw	A:HIS:210:CB	A:VAL:178:O
0	vdw	A:HIS:210:CD2	A:VAL:178:O
0	vdw	A:GLU:234:OE1	A:HIS:210:CA
0	vdw	A:HIS:210:CB	A:PHE:334:CD1
0	vdw	A:HIS:210:CB	A:PHE:334:CE1
0	vdw	A:HIS:210:CG	A:PHE:334:CD1
0	vdw	A:ALA:204:CB	A:ILE:209:CB
0	vdw	A:ALA:204:O	A:ILE:209:O
0	vdw	A:ARG:211:CG	A:ILE:209:O
0	vdw	A:ARG:211:NE	A:ILE:209:O
0	vdw	A:ALA:204:CA	A:ILE:209:CB
0	vdw	A:HIS:210:O	A:ILE:180:CG2
0	vdw	A:GLU:234:OE1	A:HIS:210:C
0	vdw	A:ALA:200:O	A:ALA:204:CB
0	vdw	A:ALA:204:CB	A:TYR:201:O
0	vdw	A:ALA:200:CA	A:HIS:197:O
0	vdw	A:ALA:200:C	A:HIS:197:O
0	vdw	A:ALA:200:CB	A:GLY:196:O
0	vdw	A:ALA:200:CB	A:HIS:197:O
0	vdw	A:HIS:197:O	A:TYR:201:N
0	vdw	A:ALA:200:O	A:GLU:203:N
0	vdw	A:ALA:200:O	A:GLU:203:CA
0	vdw	A:ALA:200:O	A:GLU:203:CB
0	vdw	A:GLN:199:O	A:TYR:201:N
0	vdw	A:GLN:199:C	A:TYR:201:N
0	vdw	A:TYR:201:N	A:VAL:198:O
0	vdw	A:ALA:200:C	A:GLN:202:N
0	vdw	A:ALA:200:N	A:GLY:196:O
0	vdw	A:ALA:200:N	A:HIS:197:O
0	vdw	A:GLY:196:C	A:VAL:198:N
0	vdw	A:GLN:199:N	A:HIS:197:C
0	vdw	A:GLN:199:N	A:HIS:197:O
0	vdw	A:ALA:200:N	A:VAL:198:C
0	vdw	A:ALA:200:N	A:VAL:198:O
0	vdw	A:HIS:197:O	A:TYR:201:CB
0	vdw	A:PRO:195:O	A:VAL:198:N
0	vdw	A:GLN:199:N	A:PRO:195:O
0	vdw	A:GLY:196:N	A:LEU:194:C
0	vdw	A:GLY:196:N	A:LEU:194:O
0	vdw	A:ASP:338:OD1	A:PRO:336:C
0	vdw	A:ASP:338:OD1	A:PRO:336:CB
0	vdw	A:ALA:204:O	A:GLY:208:CA
0	vdw	A:ALA:204:O	A:GLY:208:C
0	vdw	A:ALA:204:O	A:ILE:209:N
0	vdw	A:ALA:204:O	A:SER:207:N
0	vdw	A:ALA:204:O	A:SER:207:C
0	vdw	A:ALA:204:O	A:GLY:208:N
0	vdw	A:ILE:209:N	A:SER:207:C
0	vdw	A:ILE:209:N	A:SER:207:O
0	vdw	A:ALA:204:O	A:LYS:206:N
0	vdw	A:GLU:203:O	A:LYS:206:C
0	vdw	A:GLU:203:O	A:SER:207:OG
0	vdw	A:GLU:203:C	A:VAL:205:N
0	vdw	A:GLU:203:O	A:VAL:205:N
0	vdw	A:ALA:204:N	A:GLN:202:C
0	vdw	A:GLU:203:O	A:LYS:206:N
0	vdw	A:GLU:203:O	A:LYS:206:CA
0	vdw	A:GLU:203:O	A:LYS:206:CB
0	vdw	A:ALA:204:C	A:LYS:206:N
0	vdw	A:ALA:200:O	A:GLU:203:C
0	vdw	A:ALA:200:O	A:ALA:204:N
0	vdw	A:ALA:204:N	A:TYR:201:O
0	vdw	A:ALA:204:CA	A:TYR:201:O
0	vdw	A:ALA:204:N	A:TYR:201:C
0	vdw	A:GLN:199:O	A:GLU:203:N
0	vdw	A:GLN:199:O	A:GLU:203:CB
0	vdw	A:GLN:199:O	A:GLN:202:N
0	vdw	A:GLN:199:O	A:GLN:202:CB
0	vdw	A:GLU:203:N	A:TYR:201:C
0	vdw	A:GLU:203:N	A:TYR:201:O
0	vdw	A:GLN:199:CA	A:PRO:195:O
0	vdw	A:GLN:199:CB	A:PRO:195:O
0	vdw	A:GLY:208:N	A:LYS:206:C
0	vdw	A:SER:207:N	A:VAL:205:O
0	vdw	A:GLY:208:N	A:VAL:205:O
0	vdw	A:GLU:203:O	A:SER:207:N
0	vdw	A:GLU:203:O	A:SER:207:CA
0	vdw	A:GLU:203:O	A:SER:207:CB
0	vdw	A:SER:207:N	A:VAL:205:C
0	vdw	A:ARG:313:N	A:GLN:309:O
0	vdw	A:ARG:313:CA	A:GLN:309:O
0	vdw	A:ARG:313:CB	A:GLN:309:O
0	vdw	A:GLN:309:O	A:LYS:312:N
0	vdw	A:GLN:309:O	A:THR:311:N
0	vdw	A:TRP:264:CZ3	A:TYR:267:CD1
0	vdw	A:TRP:264:CZ3	A:TYR:267:CE1
0	vdw	A:PRO:55:CG	A:TYR:267:CE2
0	vdw	A:PRO:55:CD	A:TYR:267:OH
0	vdw	A:PRO:55:CG	A:TYR:267:CZ
0	vdw	A:PRO:55:CD	A:TYR:267:CZ
0	vdw	A:PRO:274:CG	A:TYR:267:CD2
0	vdw	A:PRO:274:CG	A:TYR:267:CE2
0	vdw	A:PRO:55:CB	A:TYR:267:O
0	vdw	A:PRO:55:CG	A:TYR:267:O
0	vdw	A:ALA:6:O	A:LYS:312:NZ
0	vdw	A:ALA:6:CB	A:TYR:308:C
0	vdw	A:ALA:6:CB	A:TYR:308:O
0	vdw	A:ALA:6:CB	A:GLN:309:N
0	vdw	A:ALA:6:CB	A:GLN:309:CA
0	vdw	A:ALA:6:CA	A:LYS:312:CD
0	vdw	A:ALA:6:CB	A:LYS:312:CD
0	vdw	A:ALA:6:CB	A:TYR:308:CB
0	vdw	A:MET:310:N	A:TYR:308:C
0	vdw	A:LYS:312:N	A:TYR:308:O
0	vdw	A:LYS:312:CA	A:TYR:308:O
0	vdw	A:ASP:307:C	A:GLN:309:N
0	vdw	A:GLN:309:C	A:THR:311:N
0	vdw	A:THR:311:OG1	A:TYR:308:C
0	vdw	A:THR:311:OG1	A:TYR:308:O
0	vdw	A:LYS:312:CB	A:TYR:308:O
0	vdw	A:PHE:322:CZ	A:TYR:308:O
0	vdw	A:MET:310:SD	A:TRP:264:CA
0	vdw	A:MET:310:SD	A:PRO:263:C
0	vdw	A:MET:310:SD	A:PRO:263:CB
0	vdw	A:MET:310:SD	A:PRO:263:O
0	vdw	A:MET:310:SD	A:TRP:264:N
0	vdw	A:SER:265:C	A:TYR:267:N
0	vdw	A:SER:265:O	A:TYR:267:N
0	vdw	A:GLY:270:N	A:TYR:267:O
0	vdw	A:SER:265:O	A:TYR:267:C
0	vdw	A:LEU:268:N	A:SER:265:O
0	vdw	A:LEU:268:N	A:SER:266:C
0	vdw	A:GLY:270:N	A:LEU:56:O
0	vdw	A:LEU:56:O	A:THR:269:C
0	vdw	A:LEU:56:O	A:THR:269:O
0	vdw	A:PHE:7:CB	A:TYR:308:CD1
0	vdw	A:PHE:7:CB	A:TYR:308:CE1
0	vdw	A:PHE:322:CD2	A:PHE:7:CB
0	vdw	A:PHE:322:CG	A:TYR:308:CD1
0	vdw	A:PHE:322:CD1	A:TYR:308:CD1
0	vdw	A:PHE:322:CZ	A:TYR:308:CD1
0	vdw	A:PHE:322:CE1	A:TYR:308:CD1
0	vdw	A:THR:311:OG1	A:TYR:308:CA
0	vdw	A:ASP:307:O	A:THR:311:CB
0	vdw	A:ASP:307:O	A:THR:311:CG2
0	vdw	A:ASP:307:O	A:THR:311:OG1
0	vdw	A:ASP:307:O	A:THR:311:N
0	vdw	A:CYS:262:C	A:TRP:264:N
0	vdw	A:PRO:263:O	A:SER:266:N
0	vdw	A:CYS:262:O	A:TRP:264:N
0	vdw	A:ILE:261:C	A:PRO:263:CD
0	vdw	A:ILE:261:O	A:PRO:263:CD
0	vdw	A:CYS:262:C	A:TYR:240:OH
0	vdw	A:PRO:263:C	A:SER:266:OG
0	vdw	A:PRO:263:O	A:SER:266:OG
0	vdw	A:ILE:261:CG2	A:PRO:263:CD
0	vdw	A:PRO:263:O	A:TYR:267:N
0	vdw	A:PRO:263:CG	A:THR:311:CG2
0	vdw	A:MET:310:CE	A:PRO:263:O
0	vdw	A:LEU:292:CD2	A:PRO:263:CG
0	vdw	A:CYS:262:O	A:SER:266:N
0	vdw	A:CYS:262:O	A:TYR:240:OH
0	vdw	A:CYS:262:O	A:SER:266:CB
0	vdw	A:LEU:268:N	A:SER:265:C
0	vdw	A:SER:265:O	A:THR:269:OG1
0	vdw	A:GLU:217:OE1	A:THR:269:OG1
0	vdw	A:SER:266:C	A:TRP:272:N
0	vdw	A:ALA:271:N	A:SER:266:O
0	vdw	A:ALA:271:CA	A:SER:266:O
0	vdw	A:ALA:271:C	A:SER:266:O
0	vdw	A:ALA:271:CB	A:SER:266:O
0	vdw	A:SER:266:O	A:TRP:272:N
0	vdw	A:ALA:271:CB	A:THR:269:OG1
0	vdw	A:GLY:270:C	A:SER:266:O
0	vdw	A:GLY:270:N	A:SER:266:O
0	vdw	A:ALA:271:N	A:THR:269:C
0	vdw	A:ALA:271:N	A:THR:269:O
0	vdw	A:LYS:9:CD	A:PHE:7:CE2
0	vdw	A:LYS:9:CD	A:TYR:351:CD1
0	vdw	A:GLU:319:CD	A:LYS:9:CE
0	vdw	A:GLU:319:OE1	A:LYS:9:CE
0	vdw	A:PHE:7:CE1	A:TYR:351:OH
0	vdw	A:PHE:7:CZ	A:TYR:351:CE1
0	vdw	A:PHE:7:CZ	A:TYR:351:OH
0	vdw	A:PHE:7:CZ	A:TYR:351:CZ
0	vdw	A:PHE:322:CB	A:PHE:7:CG
0	vdw	A:PHE:322:CB	A:PHE:7:CD2
0	vdw	A:PHE:322:CB	A:PHE:7:CE2
0	vdw	A:GLU:319:CG	A:PHE:7:CE2
0	vdw	A:PHE:7:CD1	A:TYR:308:CE1
0	vdw	A:PHE:322:CG	A:TYR:308:CE1
0	vdw	A:PHE:322:CD1	A:TYR:308:CE1
0	vdw	A:LEU:292:CD1	A:LEU:325:CD2
0	vdw	A:LEU:292:CD1	A:THR:311:OG1
0	vdw	A:ILE:261:O	A:LEU:292:CA
0	vdw	A:ILE:261:O	A:LEU:292:C
0	vdw	A:ASN:293:N	A:ILE:261:O
0	vdw	A:LEU:292:CG	A:LEU:325:CD2
0	vdw	A:CYS:262:N	A:TYR:240:OH
0	vdw	A:CYS:262:CA	A:TYR:240:OH
0	vdw	A:CYS:262:CB	A:TYR:240:OH
0	vdw	A:CYS:262:SG	A:HIS:238:CE1
0	vdw	A:CYS:262:SG	A:GLU:260:O
0	vdw	A:ILE:261:O	A:SER:291:O
0	vdw	A:HIS:238:ND1	A:TYR:240:OH
0	vdw	A:HIS:238:ND1	A:TYR:240:CZ
0	vdw	A:SER:266:CB	A:TYR:240:OH
0	vdw	A:GLU:217:CB	A:HIS:238:CD2
0	vdw	A:GLU:217:CG	A:HIS:238:CD2
0	vdw	A:GLU:217:CD	A:HIS:238:CD2
0	vdw	A:GLU:217:CD	A:HIS:238:NE2
0	vdw	A:GLU:217:OE2	A:HIS:238:CD2
0	vdw	A:ALA:271:CB	A:GLU:217:CG
0	vdw	A:GLU:186:OE2	A:GLU:217:CB
0	vdw	A:GLU:217:CB	A:HIS:238:CB
0	vdw	A:GLU:186:CB	A:VAL:218:CG2
0	vdw	A:GLU:186:OE2	A:VAL:218:CG2
0	vdw	A:ALA:350:C	A:GLY:352:N
0	vdw	A:TYR:348:O	A:TYR:351:C
0	vdw	A:GLY:352:N	A:TYR:348:O
0	vdw	A:GLY:352:N	A:LYS:349:O
0	vdw	A:MET:353:N	A:TYR:351:C
0	vdw	A:ALA:350:C	A:LEU:347:O
0	vdw	A:LEU:347:O	A:TYR:351:N
0	vdw	A:LEU:347:O	A:TYR:351:CA
0	vdw	A:LEU:347:O	A:TYR:351:CB
0	vdw	A:LEU:347:O	A:TYR:351:CG
0	vdw	A:LEU:347:O	A:TYR:351:CD1
0	vdw	A:MET:353:CG	A:TYR:351:CB
0	vdw	A:MET:353:SD	A:TYR:351:CB
0	vdw	A:LYS:323:CG	A:TYR:351:CG
0	vdw	A:ASN:326:CB	A:TYR:351:OH
0	vdw	A:ASN:326:CG	A:TYR:351:OH
0	vdw	A:LYS:323:CB	A:TYR:351:CD2
0	vdw	A:LYS:323:CA	A:TYR:351:CE2
0	vdw	A:LYS:323:CB	A:TYR:351:CE2
0	vdw	A:LYS:323:O	A:TYR:351:CE2
0	vdw	A:LYS:323:CG	A:TYR:351:CD2
0	vdw	A:ASN:326:CB	A:PHE:322:O
0	vdw	A:ASN:326:CG	A:PHE:322:O
0	vdw	A:ASN:326:ND2	A:PHE:322:O
0	vdw	A:ASN:326:CG	A:TYR:308:OH
0	vdw	A:ASN:326:ND2	A:TYR:308:OH
0	vdw	A:ASN:326:OD1	A:TYR:308:OH
0	vdw	A:ASN:293:ND2	A:SER:291:C
0	vdw	A:ASN:293:ND2	A:SER:291:CB
0	vdw	A:ASN:293:ND2	A:SER:291:OG
0	vdw	A:GLU:260:CA	A:SER:291:OG
0	vdw	A:ASN:293:ND2	A:GLU:260:C
0	vdw	A:ASN:293:ND2	A:ILE:261:N
0	vdw	A:ASN:293:ND2	A:SER:291:O
0	vdw	A:HIS:258:CE1	A:SER:291:CB
0	vdw	A:HIS:258:NE2	A:SER:291:CB
0	vdw	A:HIS:258:NE2	A:SER:291:OG
0	vdw	A:ASN:293:ND2	A:ILE:261:O
0	vdw	A:LEU:292:N	A:LEU:325:CD1
0	vdw	A:GLU:260:O	A:HIS:238:N
0	vdw	A:ILE:261:N	A:PHE:259:O
0	vdw	A:GLU:260:O	A:HIS:238:CA
0	vdw	A:ILE:261:N	A:PHE:259:C
0	vdw	A:ILE:261:N	A:SER:291:O
0	vdw	A:GLU:260:CA	A:LEU:236:O
0	vdw	A:GLY:237:C	A:GLY:239:N
0	vdw	A:HIS:238:N	A:LEU:236:C
0	vdw	A:HIS:238:N	A:LEU:236:O
0	vdw	A:GLU:217:CB	A:HIS:238:CG
0	vdw	A:GLU:217:CG	A:HIS:238:CG
0	vdw	A:GLU:186:C	A:ILE:188:N
0	vdw	A:GLU:186:O	A:ILE:188:N
0	vdw	A:PRO:189:N	A:THR:187:C
0	vdw	A:PRO:189:N	A:THR:187:O
0	vdw	A:PRO:189:CD	A:THR:187:O
0	vdw	A:MET:353:N	A:TYR:348:O
0	vdw	A:MET:353:CA	A:TYR:348:O
0	vdw	A:MET:353:O	A:TYR:348:O
0	vdw	A:TYR:348:O	A:TYR:351:N
0	vdw	A:LYS:349:C	A:TYR:351:N
0	vdw	A:LYS:349:O	A:TYR:351:N
0	vdw	A:LEU:347:C	A:LYS:349:N
0	vdw	A:LEU:347:O	A:LYS:349:N
0	vdw	A:ASP:345:O	A:LYS:349:N
0	vdw	A:LEU:344:O	A:LEU:347:C
0	vdw	A:LEU:344:O	A:TYR:348:N
0	vdw	A:LEU:347:O	A:TYR:351:CD2
0	vdw	A:LEU:344:O	A:LEU:347:CA
0	vdw	A:LEU:344:O	A:LEU:347:CB
0	vdw	A:ASN:326:O	A:LEU:347:CD1
0	vdw	A:ALA:329:CB	A:ASN:326:O
0	vdw	A:ALA:330:CB	A:ASN:326:O
0	vdw	A:ALA:330:CB	A:LEU:347:CD1
0	vdw	A:ASN:326:C	A:ASN:328:N
0	vdw	A:ASN:326:O	A:ASN:328:N
0	vdw	A:ALA:330:N	A:ASN:326:O
0	vdw	A:ALA:329:N	A:ASN:326:O
0	vdw	A:ALA:329:CA	A:LEU:14:CD1
0	vdw	A:ALA:329:CB	A:LEU:14:CD1
0	vdw	A:ALA:329:CA	A:HIS:258:CE1
0	vdw	A:ALA:329:CB	A:SER:291:CB
0	vdw	A:ALA:329:CB	A:LEU:325:O
0	vdw	A:ARG:235:NH1	A:LEU:14:CD1
0	vdw	A:HIS:258:NE2	A:LEU:14:CD1
0	vdw	A:ARG:235:CB	A:GLU:260:OE1
0	vdw	A:ARG:235:NE	A:GLU:260:OE1
0	vdw	A:ARG:235:CZ	A:GLU:260:OE1
0	vdw	A:GLU:260:CD	A:THR:212:OG1
0	vdw	A:GLU:260:OE1	A:THR:212:CB
0	vdw	A:GLU:260:OE1	A:THR:212:OG1
0	vdw	A:GLU:260:CB	A:LEU:236:O
0	vdw	A:GLU:260:CG	A:LEU:236:O
0	vdw	A:GLU:260:OE2	A:GLY:237:CA
0	vdw	A:GLY:237:N	A:VAL:213:C
0	vdw	A:GLY:237:N	A:VAL:213:O
0	vdw	A:GLY:237:CA	A:VAL:213:O
0	vdw	A:GLU:260:OE2	A:THR:212:OG1
0	vdw	A:ALA:215:N	A:VAL:213:C
0	vdw	A:ALA:215:N	A:VAL:213:O
0	vdw	A:LEU:236:CA	A:VAL:213:O
0	vdw	A:LEU:236:C	A:VAL:213:O
0	vdw	A:GLY:237:O	A:HIS:214:CA
0	vdw	A:ARG:156:NH2	A:HIS:214:O
0	vdw	A:ARG:156:NE	A:GLU:186:CA
0	vdw	A:ARG:156:NH1	A:SER:191:OG
0	vdw	A:ILE:188:O	A:SER:191:OG
0	vdw	A:ARG:156:NH1	A:SER:192:N
0	vdw	A:ARG:156:NH1	A:SER:192:CA
0	vdw	A:ARG:156:NH1	A:SER:192:OG
0	vdw	A:ILE:188:O	A:SER:191:N
0	vdw	A:ILE:188:O	A:SER:191:CB
0	vdw	A:PRO:189:O	A:SER:191:N
0	vdw	A:GLY:190:N	A:ILE:188:O
0	vdw	A:PRO:189:C	A:SER:191:N
0	vdw	A:LEU:344:O	A:TYR:348:CB
0	vdw	A:ARG:341:O	A:ASP:345:N
0	vdw	A:ARG:341:O	A:LEU:344:N
0	vdw	A:ARG:341:O	A:LEU:344:CA
0	vdw	A:ARG:341:O	A:LEU:344:CB
0	vdw	A:LEU:344:N	A:LYS:340:O
0	vdw	A:LEU:344:CB	A:LYS:340:O
0	vdw	A:LEU:344:CG	A:LYS:340:O
0	vdw	A:LEU:344:C	A:TYR:348:CD2
0	vdw	A:LEU:344:O	A:TYR:348:CD2
0	vdw	A:ALA:330:CB	A:LEU:344:CD2
0	vdw	A:ALA:330:CA	A:ILE:327:O
0	vdw	A:ALA:330:CB	A:ILE:327:O
0	vdw	A:ALA:329:C	A:LYS:331:N
0	vdw	A:ALA:329:O	A:LYS:331:N
0	vdw	A:ALA:329:O	A:SER:333:N
0	vdw	A:ALA:330:O	A:SER:333:N
0	vdw	A:ALA:329:O	A:SER:332:C
0	vdw	A:ALA:329:O	A:SER:333:CA
0	vdw	A:ALA:329:O	A:SER:332:N
0	vdw	A:ALA:330:N	A:ASN:328:O
0	vdw	A:ALA:330:C	A:SER:332:N
0	vdw	A:ALA:330:O	A:SER:332:N
0	vdw	A:ASN:328:O	A:LYS:331:N
0	vdw	A:ALA:329:O	A:SER:332:CA
0	vdw	A:LYS:331:C	A:SER:333:N
0	vdw	A:ALA:329:O	A:LEU:14:CD1
0	vdw	A:ALA:330:N	A:ILE:327:O
0	vdw	A:ILE:327:O	A:LYS:331:N
0	vdw	A:ALA:330:N	A:ASN:328:C
0	vdw	A:ARG:235:NH1	A:SER:332:O
0	vdw	A:ARG:235:CD	A:SER:332:O
0	vdw	A:ARG:235:CG	A:PHE:334:CZ
0	vdw	A:ARG:235:CD	A:PHE:334:CZ
0	vdw	A:ARG:235:NE	A:PHE:334:CZ
0	vdw	A:ARG:235:CZ	A:PHE:334:CZ
0	vdw	A:ARG:235:CD	A:HIS:258:CD2
0	vdw	A:THR:212:CA	A:THR:233:OG1
0	vdw	A:ARG:235:O	A:THR:212:CA
0	vdw	A:THR:212:C	A:THR:233:OG1
0	vdw	A:ARG:235:O	A:THR:212:OG1
0	vdw	A:TYR:201:CE1	A:VAL:213:CG2
0	vdw	A:ALA:227:CB	A:VAL:213:CG1
0	vdw	A:THR:233:CB	A:VAL:213:CG2
0	vdw	A:THR:233:OG1	A:VAL:213:N
0	vdw	A:ARG:235:O	A:VAL:213:N
0	vdw	A:THR:233:OG1	A:VAL:213:CG2
0	vdw	A:LEU:193:N	A:SER:191:C
0	vdw	A:LEU:193:N	A:SER:191:O
0	vdw	A:LEU:194:CG	A:SER:191:O
0	vdw	A:GLY:190:C	A:SER:192:N
0	vdw	A:GLY:190:O	A:SER:192:N
0	vdw	A:GLY:190:O	A:LEU:193:N
0	vdw	A:LEU:194:N	A:SER:191:O
0	vdw	A:LEU:194:N	A:SER:192:C
0	vdw	A:GLY:190:O	A:LEU:193:CA
0	vdw	A:ARG:341:O	A:ASP:345:CB
0	vdw	A:ARG:341:O	A:ASP:345:CG
0	vdw	A:LEU:344:CD1	A:LYS:340:O
0	vdw	A:ARG:341:N	A:GLU:337:O
0	vdw	A:GLU:337:O	A:LYS:340:CB
0	vdw	A:ALA:330:O	A:LYS:340:CG
0	vdw	A:LYS:340:CE	A:SER:333:O
0	vdw	A:GLU:337:OE1	A:LYS:340:CE
0	vdw	A:LYS:331:O	A:LYS:340:CD
0	vdw	A:LYS:331:O	A:LYS:340:CE
0	vdw	A:ARG:211:C	A:PHE:334:CZ
0	vdw	A:ARG:211:O	A:PHE:334:CZ
0	vdw	A:HIS:210:ND1	A:PHE:334:CD1
0	vdw	A:ARG:211:O	A:GLU:234:N
0	vdw	A:ARG:211:O	A:GLU:234:CA
0	vdw	A:ARG:211:O	A:GLU:234:CB
0	vdw	A:ARG:211:C	A:THR:233:OG1
0	vdw	A:ARG:211:O	A:THR:233:OG1
0	vdw	A:ARG:211:O	A:ARG:235:N
0	vdw	A:LEU:231:CB	A:TYR:201:CD1
0	vdw	A:LEU:231:O	A:TYR:201:CD1
0	vdw	A:LEU:231:CD2	A:SER:192:O
0	vdw	A:LEU:231:CB	A:TYR:201:CG
0	vdw	A:LEU:193:O	A:PRO:195:N
0	vdw	A:ARG:341:CB	A:GLU:337:O
0	vdw	A:GLU:337:OE1	A:LYS:340:NZ
0	vdw	A:LYS:340:NZ	A:SER:333:O
0	vdw	A:LYS:331:O	A:LYS:340:NZ
0	vdw	A:GLU:234:OE2	A:HIS:210:CE1
0	vdw	A:GLU:234:CD	A:HIS:210:ND1
0	vdw	A:GLU:234:OE1	A:HIS:210:ND1
0	vdw	A:GLU:234:OE2	A:HIS:210:ND1
0	vdw	A:ARG:211:NH2	A:GLU:234:CD
0	vdw	A:ARG:211:NE	A:GLU:234:OE1
0	vdw	A:ARG:211:NH2	A:GLU:234:OE1
0	vdw	A:ARG:211:CZ	A:GLU:234:OE1
0	vdw	A:ARG:211:N	A:GLU:234:OE1
0	vdw	A:ARG:211:NE	A:LYS:232:O
0	vdw	A:ARG:211:CZ	A:LYS:232:O
0	vdw	A:ARG:211:CG	A:TYR:201:CD1
0	vdw	A:TYR:201:O	A:VAL:205:N
0	vdw	A:TYR:201:O	A:VAL:205:CG2
0	vdw	A:ARG:211:CD	A:LYS:232:O
0	vdw	A:LEU:231:O	A:TYR:201:CB
0	vdw	A:GLN:202:CD	A:VAL:198:O
0	vdw	A:GLN:202:CD	A:VAL:198:CG1
0	vdw	A:GLN:202:NE2	A:VAL:198:CG1
0	vdw	A:LEU:194:O	A:VAL:198:N
0	vdw	A:LEU:193:C	A:VAL:198:CG2
0	vdw	A:LEU:193:O	A:VAL:198:CG2
0	vdw	A:LEU:193:CA	A:VAL:198:CG2
0	vdw	A:GLN:202:O	A:VAL:205:N
0	vdw	A:GLN:202:O	A:VAL:205:CB
0	vdw	A:LYS:232:CB	A:VAL:205:CG2
0	vdw	A:ARG:211:NH1	A:VAL:205:CA
0	vdw	A:ARG:211:NH1	A:VAL:205:CB
0	vdw	A:ARG:211:NH1	A:VAL:205:CG2
0	vdw	A:GLN:202:N	A:VAL:198:O
0	vdw	A:GLN:202:CB	A:VAL:198:O
0	vdw	A:GLN:202:CG	A:VAL:198:O
0	vdw	A:GLN:202:O	A:LYS:206:N
0	vdw	A:GLN:202:O	A:LYS:206:CB
0	vdw	A:GLN:202:O	A:LYS:206:CG
0	vdw	A:ARG:313:N	A:THR:311:C
0	vdw	A:ARG:313:N	A:MET:310:O
0	vdw	A:ARG:313:C	A:MET:315:N
0	vdw	A:ASP:314:N	A:MET:310:O
0	vdw	A:ASP:314:CB	A:MET:310:O
0	vdw	A:ASP:314:CG	A:MET:310:O
0	vdw	A:LYS:312:N	A:MET:310:C
0	vdw	A:LYS:312:N	A:MET:310:O
0	vdw	A:MET:315:C	A:THR:311:O
0	vdw	A:GLY:316:N	A:THR:311:O
0	vdw	A:PHE:317:N	A:THR:311:O
0	vdw	A:MET:315:N	A:THR:311:O
0	vdw	A:MET:315:CA	A:THR:311:O
0	vdw	A:MET:315:CB	A:THR:311:O
0	vdw	A:PHE:317:CB	A:THR:311:C
0	vdw	A:PHE:317:CB	A:THR:311:O
0	vdw	A:PHE:317:CD2	A:THR:311:O
0	vdw	A:ASP:314:N	A:LYS:312:C
0	vdw	A:ASP:314:CA	A:MET:310:O
0	vdw	A:MET:310:CE	A:MET:315:CE
0	vdw	A:MET:310:CE	A:TRP:272:CZ3
0	vdw	A:HIS:278:CB	A:MET:315:CE
0	vdw	A:HIS:278:CG	A:MET:315:CE
0	vdw	A:HIS:278:CD2	A:TRP:272:CD2
0	vdw	A:HIS:278:CD2	A:TRP:272:CE3
0	vdw	A:PRO:274:CA	A:TRP:272:CH2
0	vdw	A:GLU:319:OE1	A:LYS:323:CE
0	vdw	A:GLU:319:OE1	A:LYS:323:NZ
0	vdw	A:PHE:322:CG	A:THR:318:O
0	vdw	A:PHE:322:CD2	A:THR:318:O
0	vdw	A:PHE:322:N	A:THR:318:O
0	vdw	A:PHE:322:CB	A:THR:318:O
0	vdw	A:PHE:322:CD2	A:THR:318:C
0	vdw	A:LEU:325:CD2	A:PHE:322:CD1
0	vdw	A:PHE:317:CB	A:PHE:322:CZ
0	vdw	A:GLU:321:N	A:THR:318:O
0	vdw	A:GLU:321:CA	A:THR:318:O
0	vdw	A:GLU:321:CB	A:THR:318:O
0	vdw	A:GLU:320:N	A:THR:318:O
0	vdw	A:PHE:322:CE1	A:THR:311:OG1
0	vdw	A:PHE:317:CD1	A:PHE:322:CE1
0	vdw	A:PHE:317:CB	A:PHE:322:CE1
0	vdw	A:GLU:321:CG	A:PHE:317:CD1
0	vdw	A:PHE:317:CG	A:THR:311:CB
0	vdw	A:PHE:317:CD2	A:THR:311:CB
0	vdw	A:MET:315:SD	A:THR:311:CG2
0	vdw	A:HIS:278:CE1	A:VAL:280:CG1
0	vdw	A:HIS:278:CE1	A:VAL:280:CB
0	vdw	A:SER:266:OG	A:TRP:272:CB
0	vdw	A:HIS:278:CD2	A:SER:266:OG
0	vdw	A:HIS:278:NE2	A:SER:266:OG
0	vdw	A:HIS:278:CD2	A:TRP:272:CB
0	vdw	A:SER:266:CB	A:TYR:240:CE2
0	vdw	A:SER:266:CB	A:TYR:240:CZ
0	vdw	A:HIS:278:CD2	A:TRP:272:CG
0	vdw	A:GLY:270:C	A:TRP:272:N
0	vdw	A:GLY:270:O	A:TRP:272:N
0	vdw	A:ALA:271:CA	A:GLU:217:O
0	vdw	A:ALA:271:CB	A:GLU:217:O
0	vdw	A:ALA:271:CB	A:GLU:217:C
0	vdw	A:ALA:271:O	A:HIS:241:CE1
0	vdw	A:GLU:320:OE1	A:LYS:323:NZ
0	vdw	A:GLU:319:O	A:LYS:323:N
0	vdw	A:GLU:319:O	A:LYS:323:CG
0	vdw	A:GLU:319:C	A:PHE:322:N
0	vdw	A:GLU:319:O	A:PHE:322:N
0	vdw	A:GLU:319:O	A:PHE:322:CA
0	vdw	A:GLU:319:O	A:PHE:322:C
0	vdw	A:GLU:319:O	A:PHE:322:CB
0	vdw	A:GLU:321:C	A:LYS:323:N
0	vdw	A:GLU:321:O	A:LYS:323:N
0	vdw	A:GLU:319:O	A:LYS:323:CB
0	vdw	A:GLU:320:O	A:LYS:323:N
0	vdw	A:GLU:319:C	A:GLU:321:N
0	vdw	A:GLU:319:O	A:GLU:321:N
0	vdw	A:GLU:321:O	A:LEU:325:CD2
0	vdw	A:LEU:325:CD2	A:PHE:322:CA
0	vdw	A:ARG:324:N	A:GLU:321:O
0	vdw	A:ARG:324:C	A:GLU:321:O
0	vdw	A:GLU:321:O	A:LEU:325:N
0	vdw	A:ARG:324:N	A:PHE:322:C
0	vdw	A:GLU:321:O	A:LEU:325:CB
0	vdw	A:GLU:321:O	A:LEU:325:CG
0	vdw	A:ARG:324:CA	A:GLU:321:O
0	vdw	A:ARG:324:CB	A:GLU:321:O
0	vdw	A:GLU:320:C	A:PHE:322:N
0	vdw	A:LEU:325:CD2	A:PHE:317:CE1
0	vdw	A:ILE:261:CG2	A:VAL:280:CG2
0	vdw	A:HIS:238:CB	A:TYR:240:CE2
0	vdw	A:HIS:238:CB	A:TYR:240:CZ
0	vdw	A:GLU:186:OE2	A:GLU:217:CA
0	vdw	A:GLU:217:O	A:HIS:241:ND1
0	vdw	A:GLU:217:O	A:HIS:241:CE1
0	vdw	A:GLU:186:OE2	A:GLU:217:C
0	vdw	A:GLU:186:OE2	A:VAL:218:N
0	vdw	A:GLU:186:OE2	A:VAL:218:C
0	vdw	A:GLU:217:C	A:HIS:241:ND1
0	vdw	A:GLU:217:C	A:HIS:241:CE1
0	vdw	A:MET:353:N	A:TYR:351:O
0	vdw	A:ILE:327:CD1	A:MET:353:SD
0	vdw	A:GLU:320:O	A:LYS:323:CB
0	vdw	A:ASN:326:N	A:PHE:322:O
0	vdw	A:LEU:325:N	A:LYS:323:C
0	vdw	A:LEU:325:N	A:LYS:323:O
0	vdw	A:ASN:326:N	A:LYS:323:O
0	vdw	A:ARG:324:C	A:ASN:326:N
0	vdw	A:LEU:325:CG	A:PHE:322:O
0	vdw	A:ILE:327:N	A:LYS:323:O
0	vdw	A:ILE:327:CB	A:LYS:323:O
0	vdw	A:ARG:324:O	A:ASN:326:N
0	vdw	A:ARG:324:N	A:GLU:320:O
0	vdw	A:LEU:325:CB	A:TYR:290:O
0	vdw	A:LEU:325:O	A:TYR:290:O
0	vdw	A:ASN:328:CA	A:LEU:325:O
0	vdw	A:ASN:328:C	A:LEU:325:O
0	vdw	A:ASN:328:CB	A:LEU:325:O
0	vdw	A:ALA:329:N	A:LEU:325:O
0	vdw	A:PHE:259:O	A:TYR:290:CA
0	vdw	A:PHE:259:O	A:TYR:290:C
0	vdw	A:PHE:259:O	A:SER:291:N
0	vdw	A:HIS:258:CE1	A:TYR:290:CA
0	vdw	A:HIS:258:CE1	A:TYR:290:C
0	vdw	A:HIS:258:NE2	A:TYR:290:C
0	vdw	A:HIS:258:CE1	A:TYR:290:O
0	vdw	A:HIS:258:CE1	A:SER:291:N
0	vdw	A:HIS:258:NE2	A:SER:291:N
0	vdw	A:ILE:261:CA	A:SER:291:O
0	vdw	A:ILE:261:CB	A:SER:291:O
0	vdw	A:HIS:238:O	A:ILE:261:CD1
0	vdw	A:ILE:261:CD1	A:LEU:283:CD1
0	vdw	A:ILE:261:CD1	A:TYR:240:CD1
0	vdw	A:ILE:261:CD1	A:TYR:240:CE1
0	vdw	A:PHE:259:O	A:TYR:290:CB
0	vdw	A:ALA:215:O	A:GLY:239:N
0	vdw	A:GLY:237:O	A:GLY:239:N
0	vdw	A:HIS:238:C	A:TYR:240:N
0	vdw	A:HIS:238:O	A:TYR:240:N
0	vdw	A:GLU:217:CA	A:HIS:238:CB
0	vdw	A:ALA:215:C	A:GLU:217:N
0	vdw	A:ALA:215:O	A:GLU:217:N
0	vdw	A:ALA:215:O	A:GLY:237:O
0	vdw	A:ALA:215:C	A:GLU:186:OE1
0	vdw	A:GLU:186:OE2	A:GLU:217:N
0	vdw	A:ALA:215:N	A:GLY:237:O
0	vdw	A:GLY:216:CA	A:GLY:219:O
0	vdw	A:ALA:215:C	A:VAL:224:CG2
0	vdw	A:GLY:216:CA	A:VAL:224:CG2
0	vdw	A:GLY:216:C	A:VAL:218:N
0	vdw	A:ALA:215:O	A:GLY:239:CA
0	vdw	A:GLY:216:O	A:GLY:239:C
0	vdw	A:GLY:216:O	A:TYR:240:N
0	vdw	A:GLY:216:O	A:TYR:240:CB
0	vdw	A:GLY:216:O	A:HIS:241:N
0	vdw	A:GLY:216:O	A:HIS:241:CB
0	vdw	A:GLY:216:O	A:HIS:241:CG
0	vdw	A:GLY:216:O	A:HIS:241:ND1
0	vdw	A:GLY:216:O	A:TYR:240:CA
0	vdw	A:GLU:186:CD	A:GLY:216:N
0	vdw	A:GLU:186:CD	A:GLY:219:N
0	vdw	A:GLU:186:OE1	A:GLY:216:N
0	vdw	A:GLU:186:OE1	A:GLY:219:N
0	vdw	A:GLU:186:OE2	A:GLY:219:N
0	vdw	A:GLU:186:CD	A:GLY:219:CA
0	vdw	A:GLU:186:OE1	A:GLY:219:CA
0	vdw	A:GLU:186:OE2	A:GLY:219:CA
0	vdw	A:GLU:186:OE1	A:VAL:223:CG1
0	vdw	A:GLU:186:OE1	A:VAL:223:CB
0	vdw	A:GLY:216:N	A:VAL:224:CG2
0	vdw	A:MET:353:CB	A:TYR:348:CD1
0	vdw	A:PRO:354:O	A:TYR:348:CD1
0	vdw	A:ILE:327:CG1	A:LYS:323:O
0	vdw	A:ILE:327:CD1	A:LYS:323:O
0	vdw	A:ARG:324:O	A:ILE:327:N
0	vdw	A:ARG:324:O	A:ILE:327:CA
0	vdw	A:ARG:324:O	A:ILE:327:CB
0	vdw	A:ARG:324:O	A:ASN:328:N
0	vdw	A:ARG:324:O	A:ASN:328:CB
0	vdw	A:ALA:329:N	A:ILE:327:C
0	vdw	A:ILE:327:CG2	A:LYS:331:CE
0	vdw	A:ARG:324:O	A:ASN:328:CG
0	vdw	A:ILE:327:N	A:LEU:325:C
0	vdw	A:ASN:328:N	A:LEU:325:O
0	vdw	A:ASN:289:OD1	A:ASN:328:CB
0	vdw	A:HIS:258:CG	A:SER:332:CB
0	vdw	A:HIS:258:CG	A:SER:332:OG
0	vdw	A:HIS:258:ND1	A:SER:332:CB
0	vdw	A:HIS:258:ND1	A:SER:332:OG
0	vdw	A:HIS:258:CE1	A:SER:332:CB
0	vdw	A:ASN:289:OD1	A:HIS:258:ND1
0	vdw	A:ASN:289:OD1	A:HIS:258:CE1
0	vdw	A:ASN:289:CG	A:HIS:258:ND1
0	vdw	A:LEU:236:O	A:PHE:259:CA
0	vdw	A:LEU:236:O	A:PHE:259:C
0	vdw	A:GLU:260:N	A:LEU:236:O
0	vdw	A:ARG:235:CA	A:HIS:258:O
0	vdw	A:ARG:235:C	A:HIS:258:O
0	vdw	A:HIS:258:O	A:LEU:236:N
0	vdw	A:ASN:289:O	A:HIS:258:C
0	vdw	A:ASN:289:O	A:PHE:259:N
0	vdw	A:ALA:215:CB	A:ALA:227:CB
0	vdw	A:ALA:215:CB	A:VAL:224:CA
0	vdw	A:ALA:215:CA	A:GLU:186:OE1
0	vdw	A:SER:192:OG	A:VAL:223:CG1
0	vdw	A:SER:220:O	A:VAL:223:CB
0	vdw	A:PRO:354:O	A:TYR:348:CG
0	vdw	A:PRO:354:O	A:TYR:348:CE1
0	vdw	A:ALA:357:N	A:PRO:355:C
0	vdw	A:ILE:327:O	A:LYS:331:CG
0	vdw	A:ILE:327:O	A:LYS:331:CB
0	vdw	A:ASN:328:O	A:LYS:331:CA
0	vdw	A:ASN:328:O	A:LYS:331:CB
0	vdw	A:ASN:328:O	A:SER:332:N
0	vdw	A:ASN:328:O	A:SER:332:CA
0	vdw	A:ASN:328:O	A:SER:332:CB
0	vdw	A:ASN:328:O	A:SER:332:OG
0	vdw	A:ASN:328:O	A:LYS:331:C
0	vdw	A:HIS:258:CB	A:SER:332:CB
0	vdw	A:HIS:258:CB	A:SER:332:OG
0	vdw	A:ASN:289:ND2	A:HIS:258:CB
0	vdw	A:ASN:289:CG	A:SER:332:OG
0	vdw	A:ASN:289:ND2	A:SER:332:OG
0	vdw	A:ASN:289:OD1	A:SER:332:OG
0	vdw	A:ARG:235:CA	A:MET:257:SD
0	vdw	A:ASN:289:ND2	A:HIS:258:CA
0	vdw	A:ASN:289:O	A:HIS:258:CA
0	vdw	A:ARG:235:C	A:THR:233:OG1
0	vdw	A:ARG:235:O	A:THR:233:OG1
0	vdw	A:ARG:235:O	A:THR:233:CG2
0	vdw	A:ARG:235:N	A:THR:233:C
0	vdw	A:ARG:235:O	A:THR:233:CB
0	vdw	A:ALA:227:CB	A:VAL:223:O
0	vdw	A:ALA:227:C	A:THR:233:CG2
0	vdw	A:ALA:227:O	A:THR:233:CG2
0	vdw	A:ALA:227:CB	A:VAL:224:O
0	vdw	A:ALA:227:N	A:VAL:223:O
0	vdw	A:GLU:226:N	A:VAL:223:O
0	vdw	A:ALA:227:N	A:LYS:225:C
0	vdw	A:GLU:226:CB	A:VAL:223:O
0	vdw	A:ALA:227:N	A:LYS:225:O
0	vdw	A:ALA:227:N	A:VAL:224:O
0	vdw	A:ALA:227:CA	A:VAL:224:O
0	vdw	A:GLU:226:OE2	A:SER:192:CB
0	vdw	A:GLU:226:OE2	A:SER:192:OG
0	vdw	A:ALA:357:N	A:PRO:355:O
0	vdw	A:SER:356:CA	A:TYR:348:CE2
0	vdw	A:SER:356:CB	A:TYR:348:CE2
0	vdw	A:GLU:234:C	A:MET:257:SD
0	vdw	A:GLU:234:O	A:MET:257:SD
0	vdw	A:MET:257:CE	A:THR:233:O
0	vdw	A:ALA:227:O	A:THR:233:N
0	vdw	A:ALA:227:O	A:THR:233:CB
0	vdw	A:ALA:227:O	A:LEU:231:N
0	vdw	A:ALA:227:O	A:LEU:231:CA
0	vdw	A:ALA:227:O	A:LEU:231:CB
0	vdw	A:ALA:227:O	A:LEU:231:C
0	vdw	A:ALA:227:O	A:LYS:232:N
0	vdw	A:LEU:231:C	A:THR:233:N
0	vdw	A:LEU:231:O	A:THR:233:N
0	vdw	A:ALA:227:C	A:ASP:229:N
0	vdw	A:GLU:226:O	A:LEU:231:N
0	vdw	A:GLU:226:O	A:ILE:230:N
0	vdw	A:GLU:226:O	A:ILE:230:CB
0	vdw	A:GLU:226:O	A:ILE:230:CA
0	vdw	A:GLU:226:O	A:VAL:228:N
0	vdw	A:ILE:230:CG2	A:LEU:193:CD2
0	vdw	A:GLU:226:OE1	A:LEU:193:CD1
0	vdw	A:GLU:226:CD	A:LEU:193:CG
0	vdw	A:GLU:226:CD	A:LEU:193:CD1
0	vdw	A:ARG:211:NH1	A:LYS:232:O
0	vdw	A:ARG:211:NH1	A:LYS:232:CB
0	vdw	A:ILE:230:C	A:LYS:232:N
0	vdw	A:ILE:230:O	A:LYS:232:N
0	vdw	A:LYS:232:N	A:VAL:228:O
0	vdw	A:LYS:232:CA	A:VAL:228:O
0	vdw	A:PRO:274:CA	A:TRP:272:CZ2
0	vdw	A:PRO:274:C	A:THR:276:N
0	vdw	A:ASP:275:N	A:LYS:273:C
0	vdw	A:ASP:275:N	A:LYS:273:O
0	vdw	A:ASP:275:OD1	A:LYS:273:C
0	vdw	A:ASP:275:OD1	A:LYS:273:CB
0	vdw	A:MET:315:C	A:PHE:317:N
0	vdw	A:MET:315:O	A:PHE:317:N
0	vdw	A:MET:315:O	A:PHE:317:CD2
0	vdw	A:LYS:284:CE	A:MET:315:O
0	vdw	A:ASP:314:C	A:GLY:316:N
0	vdw	A:MET:315:SD	A:VAL:280:CG1
0	vdw	A:ILE:281:CG1	A:MET:315:CB
0	vdw	A:HIS:278:N	A:TRP:272:NE1
0	vdw	A:HIS:278:CA	A:TRP:272:CD1
0	vdw	A:HIS:278:CA	A:TRP:272:CE2
0	vdw	A:HIS:278:CA	A:TRP:272:NE1
0	vdw	A:THR:276:O	A:TRP:272:CE2
0	vdw	A:THR:276:C	A:TRP:272:NE1
0	vdw	A:THR:276:O	A:TRP:272:NE1
0	vdw	A:GLU:277:C	A:TRP:272:NE1
0	vdw	A:THR:276:O	A:TRP:272:CZ2
0	vdw	A:HIS:278:N	A:THR:276:O
0	vdw	A:THR:276:OG1	A:TRP:272:CD1
0	vdw	A:THR:276:OG1	A:TRP:272:NE1
0	vdw	A:LYS:273:O	A:THR:276:CA
0	vdw	A:LYS:273:O	A:THR:276:OG1
0	vdw	A:LYS:273:O	A:THR:276:O
0	vdw	A:LYS:273:O	A:THR:276:N
0	vdw	A:GLU:321:N	A:THR:318:OG1
0	vdw	A:LYS:284:CD	A:PHE:317:CD2
0	vdw	A:PHE:317:CZ	A:VAL:280:CG2
0	vdw	A:LYS:284:CD	A:PHE:317:CE2
0	vdw	A:HIS:278:ND1	A:VAL:280:CG1
0	vdw	A:HIS:278:C	A:VAL:280:N
0	vdw	A:HIS:278:ND1	A:VAL:280:N
0	vdw	A:HIS:278:ND1	A:VAL:280:CB
0	vdw	A:HIS:278:CB	A:TRP:272:CE2
0	vdw	A:ALA:279:N	A:GLU:277:O
0	vdw	A:ARG:324:CB	A:GLU:320:O
0	vdw	A:GLU:320:N	A:THR:318:C
0	vdw	A:GLU:320:N	A:THR:318:OG1
0	vdw	A:ARG:324:CD	A:GLU:321:OE2
0	vdw	A:PHE:317:CE1	A:TYR:290:OH
0	vdw	A:GLU:321:CG	A:TYR:290:OH
0	vdw	A:GLU:321:CD	A:TYR:290:OH
0	vdw	A:GLU:321:OE1	A:TYR:290:OH
0	vdw	A:GLU:321:CG	A:PHE:317:CE1
0	vdw	A:PHE:317:CE1	A:TYR:290:CE2
0	vdw	A:GLU:321:OE1	A:TYR:290:CZ
0	vdw	A:ARG:324:NH1	A:GLU:321:CD
0	vdw	A:ARG:324:NH1	A:GLU:321:OE1
0	vdw	A:GLU:321:CD	A:LYS:284:CG
0	vdw	A:GLU:321:OE1	A:TYR:290:CE1
0	vdw	A:PHE:317:CZ	A:TYR:290:OH
0	vdw	A:TYR:290:CE2	A:VAL:280:CG2
0	vdw	A:LYS:284:N	A:VAL:280:O
0	vdw	A:LYS:284:CA	A:VAL:280:O
0	vdw	A:LEU:283:N	A:VAL:280:C
0	vdw	A:LEU:283:N	A:VAL:280:O
0	vdw	A:LYS:284:CB	A:VAL:280:O
0	vdw	A:LEU:283:CB	A:VAL:280:O
0	vdw	A:ARG:282:N	A:VAL:280:C
0	vdw	A:ARG:282:N	A:VAL:280:O
0	vdw	A:ALA:279:C	A:ILE:281:N
0	vdw	A:HIS:278:O	A:VAL:280:N
0	vdw	A:ALA:279:CB	A:TYR:240:CA
0	vdw	A:ALA:279:CA	A:LEU:243:CD1
0	vdw	A:ALA:279:CB	A:LEU:243:CD1
0	vdw	A:THR:242:N	A:TYR:240:C
0	vdw	A:THR:242:N	A:TYR:240:O
0	vdw	A:LEU:243:N	A:TYR:240:O
0	vdw	A:GLY:219:O	A:HIS:241:CB
0	vdw	A:GLY:219:O	A:HIS:241:CG
0	vdw	A:GLU:244:CD	A:HIS:241:CD2
0	vdw	A:GLU:244:OE1	A:HIS:241:CD2
0	vdw	A:GLU:244:OE2	A:HIS:241:CD2
0	vdw	A:ARG:324:NH1	A:TYR:290:CE1
0	vdw	A:ALA:288:O	A:ARG:324:NH1
0	vdw	A:ALA:288:O	A:TYR:290:CD1
0	vdw	A:ALA:279:O	A:LEU:283:CG
0	vdw	A:GLY:239:CA	A:THR:242:OG1
0	vdw	A:GLY:239:C	A:THR:242:OG1
0	vdw	A:GLY:239:O	A:THR:242:OG1
0	vdw	A:GLY:239:O	A:THR:242:N
0	vdw	A:GLY:239:O	A:THR:242:CB
0	vdw	A:GLY:239:C	A:HIS:241:N
0	vdw	A:GLY:239:O	A:HIS:241:N
0	vdw	A:SER:220:O	A:VAL:223:CA
0	vdw	A:SER:220:O	A:VAL:224:N
0	vdw	A:SER:220:O	A:VAL:223:N
0	vdw	A:GLU:222:N	A:SER:220:C
0	vdw	A:GLU:222:N	A:SER:220:O
0	vdw	A:GLU:222:N	A:SER:220:OG
0	vdw	A:GLU:222:CB	A:SER:220:OG
0	vdw	A:ARG:324:NH2	A:ASN:328:ND2
0	vdw	A:ARG:324:CZ	A:ASN:328:ND2
0	vdw	A:ASN:289:O	A:PHE:259:CD2
0	vdw	A:ASN:289:CB	A:MET:257:O
0	vdw	A:ASN:289:O	A:MET:257:O
0	vdw	A:ASN:256:OD1	A:ASN:289:CB
0	vdw	A:ALA:288:O	A:ARG:324:NH2
0	vdw	A:ALA:288:O	A:ARG:324:CZ
0	vdw	A:MET:257:O	A:PHE:259:CD2
0	vdw	A:MET:257:O	A:PHE:259:CE2
0	vdw	A:LEU:236:CD1	A:PHE:259:CE1
0	vdw	A:LEU:236:CD1	A:VAL:224:CG1
0	vdw	A:PHE:259:CE1	A:THR:242:OG1
0	vdw	A:LEU:236:CD1	A:MET:257:CG
0	vdw	A:THR:242:OG1	A:VAL:224:CG1
0	vdw	A:THR:242:OG1	A:VAL:224:CG2
0	vdw	A:ALA:221:O	A:VAL:224:CB
0	vdw	A:LEU:252:CD1	A:VAL:224:CG1
0	vdw	A:GLU:222:C	A:VAL:224:N
0	vdw	A:LYS:225:N	A:VAL:223:C
0	vdw	A:ALA:221:O	A:VAL:224:N
0	vdw	A:ALA:221:O	A:VAL:224:CA
0	vdw	A:GLU:222:O	A:VAL:224:N
0	vdw	A:ALA:221:C	A:VAL:223:N
0	vdw	A:ALA:221:O	A:VAL:223:N
0	vdw	A:PRO:354:CB	A:SER:358:OG
0	vdw	A:PRO:355:O	A:SER:358:OG
0	vdw	A:ALA:359:CB	A:SER:356:O
0	vdw	A:ASN:256:O	A:ASN:289:ND2
0	vdw	A:ASN:256:ND2	A:ASN:289:ND2
0	vdw	A:ASN:256:O	A:HIS:258:N
0	vdw	A:LEU:252:O	A:MET:257:N
0	vdw	A:LEU:252:O	A:MET:257:CB
0	vdw	A:LEU:252:CB	A:MET:257:CB
0	vdw	A:GLU:255:C	A:MET:257:N
0	vdw	A:GLU:255:O	A:MET:257:N
0	vdw	A:VAL:224:O	A:VAL:228:CG2
0	vdw	A:GLU:226:N	A:VAL:224:O
0	vdw	A:VAL:224:O	A:VAL:228:N
0	vdw	A:VAL:224:O	A:VAL:228:CB
0	vdw	A:LEU:252:CD2	A:VAL:228:CG2
0	vdw	A:GLU:226:N	A:VAL:224:C
0	vdw	A:GLU:222:O	A:LYS:225:N
0	vdw	A:GLU:222:O	A:LYS:225:CA
0	vdw	A:GLU:222:O	A:LYS:225:C
0	vdw	A:GLU:222:O	A:GLU:226:N
0	vdw	A:GLU:222:C	A:LYS:225:N
0	vdw	A:ALA:221:O	A:LYS:225:N
0	vdw	A:GLU:222:O	A:GLU:226:CB
0	vdw	A:GLU:222:O	A:GLU:226:CG
0	vdw	A:GLU:222:O	A:LYS:225:CB
0	vdw	A:PRO:355:O	A:SER:358:CA
0	vdw	A:PRO:355:O	A:SER:358:CB
0	vdw	A:PRO:355:O	A:SER:358:N
0	vdw	A:SER:356:C	A:SER:358:N
0	vdw	A:SER:356:O	A:SER:358:N
0	vdw	A:ALA:359:N	A:SER:356:O
0	vdw	A:ALA:357:C	A:ALA:359:N
0	vdw	A:LYS:225:O	A:VAL:228:N
0	vdw	A:ILE:230:N	A:VAL:228:C
0	vdw	A:LYS:232:CD	A:VAL:228:O
0	vdw	A:GLU:226:C	A:VAL:228:N
0	vdw	A:LEU:252:CD2	A:VAL:228:CG1
0	vdw	A:ASP:229:N	A:LYS:225:O
0	vdw	A:ASP:229:CA	A:LYS:225:O
0	vdw	A:ASP:229:CB	A:LYS:225:O
0	vdw	A:ASP:229:CG	A:LYS:225:O
0	vdw	A:ASP:229:O	A:LYS:232:CD
0	vdw	A:ASP:229:O	A:LYS:232:CE
0	vdw	A:ASP:229:C	A:LYS:232:NZ
0	vdw	A:ASP:229:O	A:LYS:232:NZ
0	vdw	A:GLU:277:CG	A:ILE:281:CD1
0	vdw	A:HIS:278:O	A:ILE:281:CA
0	vdw	A:HIS:278:O	A:ILE:281:CB
0	vdw	A:ILE:281:O	A:LYS:284:N
0	vdw	A:ASN:285:N	A:ILE:281:O
0	vdw	A:ASN:285:CG	A:ILE:281:O
0	vdw	A:ASN:285:ND2	A:ILE:281:O
0	vdw	A:ASN:285:ND2	A:ILE:281:CG2
0	vdw	A:ILE:281:C	A:LEU:283:N
0	vdw	A:GLU:277:OE1	A:ILE:281:CG2
0	vdw	A:ASN:285:CB	A:ILE:281:O
0	vdw	A:GLU:277:CG	A:ILE:281:CB
0	vdw	A:ASN:285:OD1	A:ILE:281:O
0	vdw	A:GLU:277:CD	A:ILE:281:CB
0	vdw	A:GLU:277:CD	A:ILE:281:CG2
0	vdw	A:GLU:277:OE2	A:ILE:281:CG2
0	vdw	A:HIS:278:O	A:ILE:281:N
0	vdw	A:ALA:279:O	A:ILE:281:N
0	vdw	A:ALA:279:O	A:ARG:282:N
0	vdw	A:GLN:287:CA	A:LYS:284:O
0	vdw	A:ASP:286:N	A:LYS:284:C
0	vdw	A:ASP:286:N	A:LYS:284:O
0	vdw	A:GLN:287:N	A:LYS:284:C
0	vdw	A:GLN:287:N	A:LYS:284:O
0	vdw	A:ILE:281:O	A:LYS:284:CB
0	vdw	A:ARG:282:O	A:LYS:284:N
0	vdw	A:ARG:282:O	A:ASN:285:N
0	vdw	A:ASN:285:N	A:LEU:283:C
0	vdw	A:ARG:282:C	A:LYS:284:N
0	vdw	A:ARG:282:O	A:ASP:286:N
0	vdw	A:ARG:282:O	A:ASP:286:CB
0	vdw	A:ARG:282:O	A:ASP:286:CG
0	vdw	A:ALA:279:O	A:ARG:282:CA
0	vdw	A:ALA:279:O	A:ARG:282:C
0	vdw	A:ALA:279:O	A:ARG:282:CB
0	vdw	A:ALA:279:O	A:LEU:283:N
0	vdw	A:ARG:282:CB	A:LEU:243:CD1
0	vdw	A:GLU:244:N	A:HIS:241:O
0	vdw	A:GLU:244:N	A:THR:242:C
0	vdw	A:GLU:244:N	A:THR:242:O
0	vdw	A:ARG:324:CZ	A:GLN:287:CA
0	vdw	A:ARG:324:CZ	A:GLN:287:C
0	vdw	A:GLN:287:CA	A:LEU:283:O
0	vdw	A:ARG:324:NH2	A:GLN:287:CA
0	vdw	A:ARG:324:NH2	A:GLN:287:C
0	vdw	A:ALA:288:N	A:LEU:283:O
0	vdw	A:ALA:288:CB	A:LEU:283:O
0	vdw	A:ALA:288:CB	A:LEU:283:CD2
0	vdw	A:ALA:288:CA	A:LEU:283:O
0	vdw	A:ASP:286:C	A:LEU:283:O
0	vdw	A:ALA:288:N	A:ASP:286:C
0	vdw	A:ALA:288:N	A:ASP:286:O
0	vdw	A:GLN:287:N	A:LEU:283:O
0	vdw	A:ASP:286:N	A:LEU:283:O
0	vdw	A:LEU:283:CD2	A:TYR:249:CE2
0	vdw	A:LEU:243:CD2	A:TYR:249:CE2
0	vdw	A:LEU:243:CD2	A:TYR:249:CD2
0	vdw	A:LEU:243:CD2	A:TYR:249:CG
0	vdw	A:LEU:243:CD2	A:TYR:249:CD1
0	vdw	A:LEU:243:CD2	A:TYR:249:CE1
0	vdw	A:LEU:243:CD2	A:TYR:249:CZ
0	vdw	A:ARG:282:CG	A:LEU:243:CD2
0	vdw	A:HIS:241:C	A:LEU:243:N
0	vdw	A:HIS:241:O	A:LEU:243:N
0	vdw	A:ALA:221:CB	A:HIS:241:O
0	vdw	A:ASP:245:N	A:THR:242:O
0	vdw	A:ASP:245:C	A:THR:242:O
0	vdw	A:ASP:245:O	A:THR:242:O
0	vdw	A:GLU:244:CB	A:HIS:241:O
0	vdw	A:GLU:244:CG	A:HIS:241:O
0	vdw	A:THR:242:O	A:TYR:249:CB
0	vdw	A:ALA:221:CB	A:ASP:245:CB
0	vdw	A:ARG:324:NH2	A:GLN:287:O
0	vdw	A:ALA:288:C	A:ARG:324:NH2
0	vdw	A:ARG:324:NH2	A:GLN:287:CB
0	vdw	A:ALA:221:O	A:LEU:248:CD2
0	vdw	A:THR:242:CG2	A:TYR:249:CA
0	vdw	A:ALA:221:O	A:LYS:225:CB
0	vdw	A:ASN:256:N	A:LEU:252:O
0	vdw	A:ARG:253:O	A:ASN:256:N
0	vdw	A:ARG:253:O	A:ASN:256:CA
0	vdw	A:ARG:253:C	A:ASN:256:N
0	vdw	A:ASN:256:N	A:GLN:254:O
0	vdw	A:ASN:256:N	A:GLN:254:C
0	vdw	A:GLU:255:C	A:LEU:252:O
0	vdw	A:GLN:254:N	A:LEU:252:C
0	vdw	A:GLN:254:N	A:LEU:252:O
0	vdw	A:ARG:253:N	A:ASN:250:O
0	vdw	A:ARG:251:O	A:ARG:253:N
0	vdw	A:ARG:251:C	A:ARG:253:N
0	vdw	A:GLU:255:N	A:LEU:252:O
0	vdw	A:ARG:253:N	A:TYR:249:O
0	vdw	A:LEU:248:O	A:LEU:252:CB
0	vdw	A:LEU:248:O	A:LEU:252:CG
0	vdw	A:LEU:252:CD1	A:THR:242:CG2
0	vdw	A:ARG:251:NH2	A:LEU:248:CD1
0	vdw	A:GLU:222:OE2	A:LYS:225:CD
0	vdw	A:ASP:229:OD2	A:LYS:225:CG
0	vdw	A:ASP:229:OD2	A:LYS:225:CE
0	vdw	A:GLY:360:N	A:SER:358:C
0	vdw	A:ALA:359:C	A:GLN:361:N
0	vdw	A:ARG:251:O	A:GLU:255:CB
0	vdw	A:ARG:251:O	A:GLU:255:CG
0	vdw	A:ARG:251:CG	A:GLU:255:CD
0	vdw	A:ARG:251:NH2	A:ASP:229:OD1
0	vdw	A:ARG:251:CZ	A:ASP:229:OD1
0	vdw	A:ARG:251:NH2	A:ASP:229:CG
0	vdw	A:ARG:251:NH2	A:ASP:229:OD2
0	vdw	A:ARG:251:NH1	A:ASP:229:OD1
0	vdw	A:ARG:251:NH1	A:ASP:229:CG
0	vdw	A:ARG:251:NH1	A:ASP:229:OD2
0	vdw	A:ASN:362:N	A:GLY:360:C
0	vdw	A:ASN:285:O	A:GLN:287:N
0	vdw	A:ARG:282:CD	A:ASP:286:OD2
0	vdw	A:ARG:282:NE	A:ASP:286:OD2
0	vdw	A:ARG:282:CZ	A:ASP:286:OD2
0	vdw	A:GLN:246:NE2	A:LEU:243:O
0	vdw	A:ASP:245:N	A:LEU:243:O
0	vdw	A:ASN:285:C	A:GLN:287:N
0	vdw	A:ASP:286:CB	A:TYR:249:OH
0	vdw	A:ASP:286:CG	A:TYR:249:OH
0	vdw	A:ARG:253:NH1	A:ASP:286:C
0	vdw	A:ARG:253:NH1	A:ASP:286:O
0	vdw	A:ARG:282:NE	A:ASP:286:CG
0	vdw	A:ARG:282:NE	A:ASP:286:OD1
0	vdw	A:ASP:286:OD2	A:TYR:249:CE1
0	vdw	A:ASP:286:OD2	A:TYR:249:OH
0	vdw	A:ASP:286:OD2	A:TYR:249:CZ
0	vdw	A:ARG:282:NH2	A:ASP:286:OD2
0	vdw	A:ASP:245:N	A:LEU:243:C
0	vdw	A:ALA:247:N	A:ASP:245:C
0	vdw	A:ARG:253:CB	A:TYR:249:O
0	vdw	A:ARG:253:CB	A:ASN:250:O
0	vdw	A:ASP:245:O	A:TYR:249:CB
0	vdw	A:ASN:250:N	A:LEU:248:C
0	vdw	A:ARG:251:N	A:TYR:249:C
0	vdw	A:ARG:251:N	A:TYR:249:O
0	vdw	A:LEU:252:N	A:TYR:249:O
0	vdw	A:ASN:250:N	A:LEU:248:O
0	vdw	A:ASN:250:N	A:GLN:246:O
0	vdw	A:ALA:247:O	A:ASN:250:N
0	vdw	A:ASP:245:O	A:LEU:248:N
0	vdw	A:ASP:245:O	A:LEU:248:CB
0	vdw	A:ASP:245:O	A:TYR:249:N
0	vdw	A:ALA:247:C	A:TYR:249:N
0	vdw	A:ALA:247:C	A:ASP:245:OD1
0	vdw	A:ASP:245:CG	A:LEU:248:N
0	vdw	A:ASP:245:OD1	A:LEU:248:N
0	vdw	A:ASP:245:CB	A:LEU:248:CB
0	vdw	A:ASP:245:CG	A:LEU:248:CB
0	vdw	A:ALA:247:N	A:ASP:245:O
0	vdw	A:GLN:246:C	A:LEU:248:N
0	vdw	A:ALA:247:N	A:ASP:245:OD1
0	vdw	A:ALA:247:CA	A:ASP:245:OD1
0	vdw	A:ALA:247:CB	A:ASP:245:OD1
0	vdw	A:ARG:253:O	A:GLU:255:N
0	vdw	A:ASN:250:O	A:GLN:254:N
0	vdw	A:ASN:250:O	A:GLN:254:CB
0	vdw	A:ARG:251:O	A:GLN:254:N
0	vdw	A:ARG:251:O	A:GLN:254:CA
0	vdw	A:ARG:251:O	A:GLN:254:CB
0	vdw	A:ARG:251:O	A:GLN:254:C
0	vdw	A:ARG:251:O	A:GLU:255:N
0	vdw	A:ARG:253:C	A:GLU:255:N
0	vdw	A:ASN:250:O	A:GLN:254:CG
0	vdw	A:ASN:250:O	A:GLN:254:CD
0	vdw	A:ARG:251:N	A:LEU:248:O
0	vdw	A:ARG:251:CA	A:LEU:248:O
0	vdw	A:ARG:251:CB	A:LEU:248:O
0	vdw	A:LEU:248:O	A:LEU:252:N
0	vdw	A:ASN:250:C	A:LEU:252:N
0	vdw	A:ALA:247:O	A:ARG:251:N
0	vdw	A:ALA:247:O	A:ARG:251:CB
0	vdw	A:ARG:251:CG	A:GLU:255:OE1
0	vdw	A:ARG:251:CD	A:GLU:255:OE1
0	vdw	A:ARG:282:NH2	A:GLN:246:OE1
0	vdw	A:ASN:250:CB	A:GLN:246:O
0	vdw	A:ASN:250:CG	A:GLN:246:O
0	vdw	A:ASN:250:ND2	A:GLN:246:O
